# MLB trekkbygger — kostnad per beslutning
# 2026-08-09T16:09:04.140Z  giver=20 målPoeng=30 tro=AV
# TREKK_LENGDE=1032 MIKRO=273 KONVENSJON=71 regler=17
# kamp	fase	lovlige	ms_total	ms_mikro	ms_konvensjon
0	BUD	0	1.4961	0.0433	0.0004
0	BUD	0	0.1787	0.0371	0.0004
0	BUD	0	0.1151	0.0209	0.0003
0	BUD	0	0.1476	0.0299	0.0003
0	VRAK	0	0.1626	0.0337	0.0003
0	VELG	0	0.1046	0.0125	0.0003
0	SPILL	5	0.6015	0.0202	0.1346
0	SPILL	1	0.1668	0.0184	0.0005
0	SPILL	2	0.3094	0.0179	0.0868
0	SPILL	3	0.1800	0.0148	0.0364
0	SPILL	11	0.3227	0.0180	0.0604
0	SPILL	1	0.1034	0.0156	0.0002
0	SPILL	2	0.1233	0.0141	0.0191
0	SPILL	4	0.1733	0.0165	0.0382
0	SPILL	10	0.3308	0.0176	0.1151
0	SPILL	1	0.0940	0.0145	0.0002
0	SPILL	10	0.4394	0.0459	0.2093
0	SPILL	1	0.1111	0.0174	0.0003
0	SPILL	9	0.1370	0.0223	0.0270
0	SPILL	2	0.1626	0.0230	0.0143
0	SPILL	5	0.6865	0.0255	0.2639
0	SPILL	9	0.1804	0.0166	0.0780
0	SPILL	8	0.1783	0.0202	0.0541
0	SPILL	4	0.9438	0.0196	0.1495
0	SPILL	4	0.1339	0.0194	0.0345
0	SPILL	1	0.1097	0.0217	0.0002
0	SPILL	7	0.1237	0.0164	0.0201
0	SPILL	7	0.1553	0.0167	0.0411
0	SPILL	2	0.1983	0.0162	0.0615
0	SPILL	1	0.0869	0.0175	0.0002
0	SPILL	6	0.1229	0.0187	0.0345
0	SPILL	3	0.2355	0.0171	0.1186
0	SPILL	3	0.1289	0.0209	0.0199
0	SPILL	6	0.4036	0.0216	0.2768
0	SPILL	5	0.1003	0.0186	0.0193
0	SPILL	5	0.3650	0.0185	0.2287
0	SPILL	2	0.1071	0.0166	0.0159
0	SPILL	2	0.2024	0.0274	0.0848
0	SPILL	4	0.1755	0.0197	0.0336
0	SPILL	1	0.7914	0.0257	0.0002
0	SPILL	1	0.0821	0.0176	0.0002
0	SPILL	4	0.1130	0.0174	0.0518
0	SPILL	3	0.2123	0.0172	0.0112
0	SPILL	2	0.1615	0.0204	0.0464
0	SPILL	3	0.0867	0.0152	0.0163
0	SPILL	2	0.1143	0.0158	0.0132
0	SPILL	2	0.1373	0.0155	0.0109
0	SPILL	1	0.0680	0.0143	0.0002
0	SPILL	2	0.0801	0.0233	0.0091
0	SPILL	1	0.0656	0.0145	0.0002
0	SPILL	1	0.0782	0.0156	0.0002
0	SPILL	1	0.0653	0.0166	0.0003
0	SPILL	1	0.0682	0.0238	0.0002
0	SPILL	1	0.0680	0.0171	0.0002
0	BUD	0	0.1178	0.0128	0.0002
0	BUD	0	0.0635	0.0095	0.0002
0	BUD	0	0.0969	0.0101	0.0002
0	BUD	0	0.0740	0.0125	0.0001
0	VRAK	0	0.0784	0.0159	0.0001
0	VELG	0	0.0768	0.0276	0.0002
0	SPILL	6	0.2239	0.0139	0.0578
0	SPILL	2	0.1621	0.0135	0.0212
0	SPILL	1	0.0688	0.0119	0.0002
0	SPILL	2	0.1186	0.0130	0.0199
0	SPILL	11	0.1151	0.0166	0.0409
0	SPILL	1	0.0690	0.0122	0.0002
0	SPILL	5	0.1083	0.0147	0.0310
0	SPILL	1	0.2446	0.0146	0.0002
0	SPILL	10	0.1912	0.0175	0.0937
0	SPILL	5	0.1063	0.0122	0.0308
0	SPILL	1	0.0896	0.0167	0.0002
0	SPILL	3	0.2176	0.0135	0.1326
0	SPILL	9	0.0818	0.0132	0.0161
0	SPILL	9	0.2016	0.0151	0.0645
0	SPILL	2	0.1066	0.0131	0.0145
0	SPILL	3	0.1972	0.0142	0.0940
0	SPILL	8	0.1180	0.0143	0.0217
0	SPILL	3	0.1358	0.0132	0.0222
0	SPILL	8	0.3407	0.0125	0.2446
0	SPILL	3	0.0875	0.0128	0.0318
0	SPILL	7	0.0845	0.0108	0.0202
0	SPILL	7	0.1981	0.0142	0.0648
0	SPILL	1	0.0712	0.0120	0.0003
0	SPILL	2	0.0897	0.0119	0.0119
0	SPILL	6	0.1369	0.0116	0.0913
0	SPILL	2	0.0963	0.0127	0.0124
0	SPILL	4	0.2364	0.0134	0.1396
0	SPILL	4	0.0925	0.0144	0.0170
0	SPILL	5	0.0742	0.0119	0.0103
0	SPILL	5	0.0942	0.0135	0.0188
0	SPILL	1	0.0678	0.0190	0.0002
0	SPILL	3	0.4092	0.0301	0.1079
0	SPILL	4	0.1238	0.0249	0.0635
0	SPILL	4	0.1070	0.0183	0.0321
0	SPILL	4	0.1970	0.0135	0.1290
0	SPILL	4	0.0977	0.0138	0.0238
0	SPILL	3	0.1583	0.0144	0.0418
0	SPILL	3	0.0959	0.0131	0.0200
0	SPILL	3	0.1765	0.0136	0.1124
0	SPILL	3	0.0935	0.0138	0.0204
0	SPILL	2	0.0973	0.0136	0.0233
0	SPILL	2	0.0901	0.0137	0.0135
0	SPILL	2	0.1657	0.0323	0.0519
0	SPILL	2	0.1092	0.0145	0.0138
0	SPILL	1	0.0865	0.0142	0.0002
0	SPILL	1	0.0711	0.0161	0.0002
0	SPILL	1	0.0848	0.0151	0.0001
0	SPILL	1	0.1507	0.0170	0.0002
0	BUD	0	0.0811	0.0092	0.0002
0	BUD	0	0.0660	0.0082	0.0001
0	BUD	0	0.0566	0.0070	0.0002
0	BUD	0	0.0564	0.0072	0.0001
0	BUD	0	0.0569	0.0071	0.0001
0	VRAK	0	0.0747	0.0087	0.0009
0	VELG	0	0.0622	0.0074	0.0002
0	SPILL	7	0.1715	0.0086	0.0606
0	SPILL	3	0.3068	0.0114	0.0248
0	SPILL	1	0.0831	0.0106	0.0001
0	SPILL	2	0.1045	0.0157	0.0295
0	SPILL	11	0.1739	0.0108	0.0317
0	SPILL	5	0.0998	0.0096	0.0583
0	SPILL	3	0.0818	0.0089	0.0171
0	SPILL	2	0.1088	0.0118	0.0129
0	SPILL	10	0.0945	0.0103	0.0207
0	SPILL	3	0.0829	0.0102	0.0155
0	SPILL	3	0.0791	0.0099	0.0147
0	SPILL	10	0.1705	0.0109	0.0582
0	SPILL	9	0.2230	0.0146	0.0745
0	SPILL	2	0.1259	0.0112	0.0176
0	SPILL	9	0.4808	0.0237	0.3196
0	SPILL	1	0.0629	0.0113	0.0001
0	SPILL	8	0.1262	0.0121	0.0626
0	SPILL	1	0.0541	0.0109	0.0002
0	SPILL	8	0.3448	0.0132	0.2880
0	SPILL	8	0.1264	0.0127	0.0626
0	SPILL	7	0.1331	0.0215	0.0538
0	SPILL	2	0.0863	0.0131	0.0108
0	SPILL	6	0.0956	0.0112	0.0244
0	SPILL	2	0.0767	0.0119	0.0143
0	SPILL	6	0.0612	0.0110	0.0113
0	SPILL	3	0.0830	0.0104	0.0126
0	SPILL	2	0.0681	0.0181	0.0114
0	SPILL	1	0.0687	0.0133	0.0002
0	SPILL	5	0.0692	0.0121	0.0114
0	SPILL	5	0.0770	0.0114	0.0184
0	SPILL	4	0.1584	0.0120	0.0215
0	SPILL	5	0.4811	0.0233	0.1337
0	SPILL	4	0.0920	0.0122	0.0317
0	SPILL	4	0.0796	0.0119	0.0212
0	SPILL	4	0.1656	0.0200	0.1088
0	SPILL	4	0.0763	0.0120	0.0206
0	SPILL	3	0.0756	0.0123	0.0207
0	SPILL	3	0.0711	0.0125	0.0152
0	SPILL	3	0.1262	0.0119	0.0886
0	SPILL	3	0.0688	0.0128	0.0160
0	SPILL	2	0.0589	0.0113	0.0080
0	SPILL	2	0.0822	0.0114	0.0112
0	SPILL	2	0.1336	0.0124	0.0448
0	SPILL	2	0.0644	0.0119	0.0111
0	SPILL	1	0.0610	0.0119	0.0002
0	SPILL	1	0.0567	0.0126	0.0002
0	SPILL	1	0.0674	0.0138	0.0002
0	SPILL	1	0.0543	0.0136	0.0002
0	BUD	0	0.0478	0.0072	0.0002
0	BUD	0	0.0453	0.0069	0.0002
0	BUD	0	0.0514	0.0078	0.0001
0	BUD	0	0.0441	0.0069	0.0001
0	BUD	0	0.0453	0.0074	0.0001
0	VRAK	0	0.0515	0.0078	0.0001
0	VELG	0	0.0594	0.0076	0.0001
0	SPILL	7	0.1064	0.0079	0.0460
0	SPILL	3	0.0703	0.0079	0.0342
0	SPILL	12	0.3337	0.0117	0.1163
0	SPILL	1	0.0528	0.0085	0.0002
0	SPILL	11	0.0941	0.0091	0.0321
0	SPILL	6	0.2230	0.0184	0.1466
0	SPILL	2	0.0629	0.0089	0.0109
0	SPILL	11	0.1425	0.0093	0.0919
0	SPILL	10	0.1251	0.0087	0.0668
0	SPILL	1	0.0508	0.0089	0.0002
0	SPILL	10	0.1324	0.0089	0.0870
0	SPILL	1	0.0541	0.0083	0.0002
0	SPILL	9	0.0749	0.0088	0.0156
0	SPILL	3	0.1688	0.0098	0.0730
0	SPILL	4	0.0670	0.0173	0.0153
0	SPILL	2	0.1086	0.0082	0.0628
0	SPILL	8	0.0584	0.0087	0.0137
0	SPILL	4	0.1547	0.0083	0.1253
0	SPILL	3	0.0771	0.0097	0.0122
0	SPILL	2	0.1330	0.0162	0.0519
0	SPILL	7	0.0595	0.0087	0.0119
0	SPILL	7	0.2178	0.0170	0.1621
0	SPILL	3	0.0676	0.0096	0.0152
0	SPILL	3	0.0671	0.0090	0.0155
0	SPILL	6	0.0928	0.0100	0.0389
0	SPILL	6	0.0854	0.0091	0.0309
0	SPILL	6	0.0874	0.0122	0.0340
0	SPILL	6	0.2006	0.0102	0.1481
0	SPILL	5	0.0744	0.0092	0.0300
0	SPILL	5	0.0658	0.0096	0.0245
0	SPILL	5	0.0642	0.0091	0.0244
0	SPILL	5	0.1518	0.0097	0.1082
0	SPILL	4	0.0636	0.0091	0.0223
0	SPILL	4	0.0607	0.0097	0.0192
0	SPILL	4	0.0824	0.0102	0.0189
0	SPILL	4	0.1268	0.0097	0.0899
0	SPILL	3	0.0514	0.0114	0.0100
0	SPILL	1	0.0410	0.0102	0.0001
0	SPILL	2	0.0559	0.0100	0.0099
0	SPILL	1	0.0388	0.0095	0.0002
0	SPILL	2	0.0504	0.0103	0.0076
0	SPILL	2	0.0502	0.0098	0.0108
0	SPILL	2	0.0563	0.0103	0.0096
0	SPILL	1	0.0403	0.0102	0.0001
0	SPILL	1	0.0456	0.0108	0.0001
0	SPILL	1	0.0404	0.0104	0.0002
0	SPILL	1	0.0387	0.0103	0.0002
0	SPILL	1	0.0388	0.0127	0.0002
0	BUD	0	0.0442	0.0073	0.0002
0	BUD	0	0.0390	0.0062	0.0002
0	BUD	0	0.0377	0.0061	0.0001
0	BUD	0	0.0382	0.0063	0.0002
0	VRAK	0	0.0435	0.0064	0.0001
0	VELG	0	0.0385	0.0061	0.0001
0	SPILL	5	0.0747	0.0065	0.0485
0	SPILL	2	0.0784	0.0088	0.0119
0	SPILL	1	0.0514	0.0068	0.0002
0	SPILL	2	0.0527	0.0069	0.0119
0	SPILL	11	0.1361	0.0131	0.0455
0	SPILL	1	0.0390	0.0069	0.0001
0	SPILL	4	0.3007	0.0159	0.0152
0	SPILL	1	0.0442	0.0089	0.0001
0	SPILL	10	0.0910	0.0085	0.0443
0	SPILL	5	0.0624	0.0085	0.0199
0	SPILL	2	0.0519	0.0082	0.0116
0	SPILL	3	0.1217	0.0081	0.0767
0	SPILL	9	0.0526	0.0079	0.0159
0	SPILL	1	0.0404	0.0081	0.0001
0	SPILL	2	0.0922	0.0081	0.0471
0	SPILL	1	0.0434	0.0081	0.0002
0	SPILL	8	0.0858	0.0090	0.0606
0	SPILL	1	0.0548	0.0088	0.0002
0	SPILL	3	0.1473	0.0142	0.0674
0	SPILL	4	0.0618	0.0392	0.0216
0	SPILL	7	0.0660	0.0083	0.0144
0	SPILL	3	0.0727	0.0097	0.0153
0	SPILL	7	0.1989	0.0088	0.1487
0	SPILL	4	0.0627	0.0083	0.0201
0	SPILL	6	0.1147	0.0160	0.0580
0	SPILL	6	0.0803	0.0091	0.0314
0	SPILL	2	0.1005	0.0084	0.0474
0	SPILL	3	0.0744	0.0085	0.0159
0	SPILL	5	0.0733	0.0082	0.0292
0	SPILL	5	0.0697	0.0087	0.0253
0	SPILL	1	0.0407	0.0085	0.0002
0	SPILL	2	0.0510	0.0101	0.0083
0	SPILL	4	0.0554	0.0120	0.0086
0	SPILL	2	0.0558	0.0094	0.0083
0	SPILL	4	0.0730	0.0372	0.0204
0	SPILL	4	0.3371	0.0107	0.0983
0	SPILL	3	0.0806	0.0093	0.0290
0	SPILL	3	0.0730	0.0091	0.0165
0	SPILL	3	0.3168	0.0158	0.0724
0	SPILL	3	0.0614	0.0099	0.0164
0	SPILL	2	0.0477	0.0088	0.0081
0	SPILL	2	0.0536	0.0095	0.0111
0	SPILL	2	0.1080	0.0153	0.0537
0	SPILL	2	0.0534	0.0096	0.0113
0	SPILL	1	0.0397	0.0100	0.0001
0	SPILL	1	0.0511	0.0099	0.0001
0	SPILL	1	0.0414	0.0099	0.0002
0	SPILL	1	0.0407	0.0103	0.0002
0	BUD	0	0.0368	0.0048	0.0001
0	BUD	0	0.0386	0.0050	0.0002
0	BUD	0	0.0383	0.0051	0.0001
0	BUD	0	0.0376	0.0059	0.0001
0	VRAK	0	0.0576	0.0060	0.0002
0	VELG	0	0.0374	0.0052	0.0001
0	SPILL	6	0.0817	0.0055	0.0347
0	SPILL	2	0.0714	0.0111	0.0154
0	SPILL	12	0.1443	0.0058	0.1042
0	SPILL	1	0.0376	0.0060	0.0001
0	SPILL	11	0.0629	0.0056	0.0225
0	SPILL	5	0.1757	0.0072	0.1178
0	SPILL	1	0.0385	0.0062	0.0001
0	SPILL	11	0.1327	0.0070	0.0777
0	SPILL	10	0.0932	0.0066	0.0510
0	SPILL	10	0.1346	0.0071	0.0744
0	SPILL	10	0.1032	0.0066	0.0657
0	SPILL	3	0.1409	0.0078	0.0734
0	SPILL	9	0.0692	0.0151	0.0248
0	SPILL	9	0.4901	0.0204	0.2021
0	SPILL	4	0.0708	0.0078	0.0245
0	SPILL	3	0.0590	0.0072	0.0172
0	SPILL	8	0.0818	0.0070	0.0564
0	SPILL	2	0.0606	0.0075	0.0122
0	SPILL	3	0.0524	0.0071	0.0134
0	SPILL	3	0.0865	0.0116	0.0195
0	SPILL	7	0.0458	0.0147	0.0118
0	SPILL	2	0.0480	0.0077	0.0082
0	SPILL	7	0.1938	0.0078	0.1526
0	SPILL	3	0.0621	0.0079	0.0144
0	SPILL	6	0.0652	0.0077	0.0232
0	SPILL	1	0.0395	0.0084	0.0001
0	SPILL	2	0.0569	0.0078	0.0099
0	SPILL	2	0.0909	0.0082	0.0744
0	SPILL	5	0.0803	0.0089	0.0210
0	SPILL	5	0.0654	0.0077	0.0225
0	SPILL	1	0.0400	0.0086	0.0001
0	SPILL	1	0.0395	0.0087	0.0001
0	SPILL	4	0.0512	0.0084	0.0065
0	SPILL	1	0.0428	0.0089	0.0001
0	SPILL	4	0.1272	0.0088	0.0772
0	SPILL	1	0.0541	0.0089	0.0001
0	SPILL	3	0.0510	0.0084	0.0076
0	SPILL	3	0.0547	0.0091	0.0130
0	SPILL	3	0.0606	0.0085	0.0129
0	SPILL	1	0.0377	0.0081	0.0001
0	SPILL	2	0.0596	0.0094	0.0056
0	SPILL	2	0.0612	0.0089	0.0083
0	SPILL	2	0.0479	0.0166	0.0088
0	SPILL	2	0.0788	0.0086	0.0358
0	SPILL	1	0.0368	0.0100	0.0001
0	SPILL	1	0.0399	0.0090	0.0001
0	SPILL	1	0.0384	0.0094	0.0001
0	SPILL	1	0.0370	0.0102	0.0001
0	BUD	0	0.0958	0.0368	0.0001
0	BUD	0	0.1287	0.0102	0.0001
0	BUD	0	0.0605	0.0091	0.0001
0	BUD	0	0.0756	0.0096	0.0001
0	VRAK	0	0.0798	0.0078	0.0001
0	VELG	0	0.0612	0.0053	0.0001
0	SPILL	5	0.2165	0.0074	0.0377
0	SPILL	2	0.1122	0.0101	0.0138
0	SPILL	3	0.0851	0.0059	0.0427
0	SPILL	1	0.0625	0.0071	0.0002
0	SPILL	11	0.1857	0.0601	0.0300
0	SPILL	4	0.2540	0.0080	0.0963
0	SPILL	1	0.0587	0.0067	0.0001
0	SPILL	2	0.0747	0.0098	0.0107
0	SPILL	10	0.1215	0.0068	0.0542
0	SPILL	3	0.0748	0.0069	0.0124
0	SPILL	4	0.1697	0.0074	0.0992
0	SPILL	2	0.0699	0.0071	0.0098
0	SPILL	9	0.0815	0.0071	0.0220
0	SPILL	3	0.1386	0.0072	0.0709
0	SPILL	2	0.0710	0.0076	0.0093
0	SPILL	3	0.1537	0.0145	0.0841
0	SPILL	8	0.0681	0.0073	0.0193
0	SPILL	2	0.1319	0.0079	0.0529
0	SPILL	8	0.1160	0.0081	0.0348
0	SPILL	2	0.1044	0.0077	0.0511
0	SPILL	7	0.0553	0.0075	0.0158
0	SPILL	7	0.2145	0.0086	0.1747
0	SPILL	2	0.0742	0.0079	0.0089
0	SPILL	3	0.2939	0.0158	0.0226
0	SPILL	6	0.0905	0.0119	0.0421
0	SPILL	6	0.0830	0.0100	0.0309
0	SPILL	1	0.1036	0.0097	0.0001
0	SPILL	6	0.5750	0.0213	0.1563
0	SPILL	5	0.0689	0.0083	0.0205
0	SPILL	5	0.0572	0.0078	0.0146
0	SPILL	2	0.0491	0.0085	0.0066
0	SPILL	3	0.0825	0.0093	0.0102
0	SPILL	4	0.0449	0.0087	0.0253
0	SPILL	2	0.0887	0.0088	0.0506
0	SPILL	4	0.0583	0.0085	0.0185
0	SPILL	1	0.0402	0.0089	0.0002
0	SPILL	3	0.0440	0.0085	0.0053
0	SPILL	1	0.0436	0.0098	0.0001
0	SPILL	3	0.0572	0.0092	0.0129
0	SPILL	3	0.0545	0.0090	0.0124
0	SPILL	2	0.0667	0.0087	0.0157
0	SPILL	2	0.0522	0.0099	0.0083
0	SPILL	2	0.0480	0.0090	0.0085
0	SPILL	2	0.0843	0.0094	0.0384
0	SPILL	1	0.0394	0.0087	0.0001
0	SPILL	1	0.0678	0.0114	0.0001
0	SPILL	1	0.0498	0.0099	0.0001
0	SPILL	1	0.0558	0.0106	0.0001
0	BUD	0	0.0385	0.0054	0.0001
0	BUD	0	0.0817	0.0059	0.0001
0	BUD	0	0.0701	0.0052	0.0001
0	BUD	0	0.0654	0.0055	0.0001
0	VRAK	0	0.0426	0.0056	0.0001
0	VELG	0	0.0360	0.0052	0.0001
0	SPILL	6	0.1086	0.0133	0.0413
0	SPILL	1	0.0426	0.0067	0.0001
0	SPILL	2	0.1257	0.0060	0.0104
0	SPILL	2	0.0627	0.0066	0.0112
0	SPILL	11	0.0611	0.0058	0.0210
0	SPILL	1	0.0372	0.0059	0.0001
0	SPILL	1	0.0383	0.0067	0.0001
0	SPILL	5	0.0569	0.0077	0.0164
0	SPILL	10	0.0928	0.0058	0.0495
0	SPILL	1	0.0423	0.0072	0.0001
0	SPILL	10	0.1070	0.0073	0.0626
0	SPILL	10	0.3548	0.0168	0.0663
0	SPILL	9	0.0912	0.0077	0.0410
0	SPILL	9	0.2683	0.0070	0.2250
0	SPILL	9	0.0923	0.0069	0.0604
0	SPILL	9	0.0943	0.0077	0.0546
0	SPILL	8	0.0758	0.0073	0.0324
0	SPILL	8	0.2364	0.0072	0.1898
0	SPILL	8	0.0843	0.0070	0.0429
0	SPILL	8	0.1014	0.0082	0.0439
0	SPILL	7	0.0670	0.0081	0.0239
0	SPILL	1	0.0402	0.0076	0.0001
0	SPILL	3	0.0589	0.0077	0.0141
0	SPILL	3	0.0550	0.0075	0.0138
0	SPILL	6	0.0832	0.0081	0.0290
0	SPILL	6	0.1787	0.0079	0.1315
0	SPILL	2	0.0502	0.0084	0.0078
0	SPILL	2	0.1091	0.0090	0.0458
0	SPILL	5	0.0457	0.0079	0.0072
0	SPILL	1	0.0464	0.0079	0.0001
0	SPILL	5	0.0605	0.0086	0.0163
0	SPILL	5	0.1504	0.0089	0.1067
0	SPILL	4	0.0511	0.0083	0.0095
0	SPILL	4	0.1329	0.0104	0.0820
0	SPILL	1	0.0389	0.0085	0.0001
0	SPILL	1	0.0405	0.0091	0.0001
0	SPILL	3	0.0497	0.0091	0.0082
0	SPILL	3	0.1024	0.0090	0.0587
0	SPILL	3	0.0511	0.0086	0.0121
0	SPILL	3	0.0516	0.0101	0.0138
0	SPILL	2	0.0464	0.0085	0.0062
0	SPILL	2	0.0807	0.0085	0.0384
0	SPILL	2	0.0505	0.0170	0.0088
0	SPILL	2	0.0482	0.0104	0.0086
0	SPILL	1	0.0398	0.0087	0.0001
0	SPILL	1	0.0393	0.0088	0.0001
0	SPILL	1	0.0399	0.0108	0.0001
0	SPILL	1	0.0380	0.0095	0.0001
0	BUD	0	0.0360	0.0048	0.0001
0	BUD	0	0.0369	0.0050	0.0001
0	BUD	0	0.0345	0.0059	0.0001
0	BUD	0	0.0341	0.0046	0.0000
0	BUD	0	0.0331	0.0044	0.0000
0	VRAK	0	0.0408	0.0054	0.0001
0	VELG	0	0.0366	0.0052	0.0001
0	SPILL	7	0.0849	0.0054	0.0389
0	SPILL	3	0.0686	0.0054	0.0148
0	SPILL	1	0.0483	0.0105	0.0002
0	SPILL	1	0.0418	0.0057	0.0001
0	SPILL	11	0.0838	0.0083	0.0196
0	SPILL	11	0.1145	0.0060	0.0973
0	SPILL	6	0.1731	0.0064	0.1344
0	SPILL	2	0.0947	0.1261	0.0102
0	SPILL	10	0.0997	0.0066	0.0499
0	SPILL	3	0.0546	0.0064	0.0083
0	SPILL	3	0.0490	0.0062	0.0085
0	SPILL	3	0.0726	0.0072	0.0102
0	SPILL	9	0.0489	0.0125	0.0094
0	SPILL	9	0.0662	0.0068	0.0198
0	SPILL	3	0.0570	0.1498	0.0145
0	SPILL	2	0.0934	0.0069	0.0470
0	SPILL	8	0.0967	0.0125	0.0591
0	SPILL	1	0.0372	0.0067	0.0001
0	SPILL	8	0.2285	0.0073	0.1800
0	SPILL	8	0.0833	0.0072	0.0418
0	SPILL	7	0.0795	0.0074	0.0359
0	SPILL	7	0.0753	0.0072	0.0335
0	SPILL	7	0.2110	0.0079	0.1680
0	SPILL	7	0.0741	0.0076	0.0412
0	SPILL	6	0.0720	0.0078	0.0284
0	SPILL	2	0.0465	0.0085	0.0064
0	SPILL	1	0.0377	0.0076	0.0000
0	SPILL	2	0.0955	0.0081	0.0452
0	SPILL	5	0.0415	0.0074	0.0065
0	SPILL	5	0.0542	0.0082	0.0123
0	SPILL	1	0.0381	0.0082	0.0000
0	SPILL	1	0.0392	0.0078	0.0001
0	SPILL	4	0.0621	0.0079	0.0176
0	SPILL	4	0.0634	0.0082	0.0162
0	SPILL	4	0.1235	0.0083	0.0784
0	SPILL	4	0.0652	0.0082	0.0159
0	SPILL	3	0.0475	0.0085	0.0070
0	SPILL	2	0.0501	0.0089	0.0077
0	SPILL	3	0.1041	0.0143	0.0572
0	SPILL	1	0.0371	0.0087	0.0001
0	SPILL	2	0.0697	0.0131	0.0061
0	SPILL	1	0.0384	0.0093	0.0001
0	SPILL	2	0.0857	0.0097	0.0385
0	SPILL	1	0.2026	0.0121	0.0001
0	SPILL	1	0.0443	0.0104	0.0000
0	SPILL	1	0.0395	0.0091	0.0001
0	SPILL	1	0.0381	0.0094	0.0001
0	SPILL	1	0.0370	0.0109	0.0000
1	BUD	0	0.0460	0.0327	0.0001
1	BUD	0	0.0387	0.0057	0.0001
1	BUD	0	0.0364	0.0064	0.0001
1	BUD	0	0.0376	0.0064	0.0001
1	BUD	0	0.0359	0.0049	0.0001
1	VRAK	0	0.0397	0.0060	0.0001
1	VELG	0	0.0359	0.0051	0.0002
1	SPILL	5	0.0774	0.0122	0.0321
1	SPILL	1	0.0381	0.0057	0.0001
1	SPILL	2	0.0540	0.0062	0.0131
1	SPILL	5	0.0624	0.0108	0.0261
1	SPILL	11	0.0563	0.0060	0.0187
1	SPILL	5	0.0534	0.0058	0.0169
1	SPILL	4	0.1428	0.0065	0.0957
1	SPILL	3	0.0582	0.0067	0.0114
1	SPILL	10	0.0906	0.0059	0.0525
1	SPILL	10	0.2952	0.0073	0.2446
1	SPILL	1	0.0379	0.0065	0.0001
1	SPILL	4	0.0613	0.0069	0.0173
1	SPILL	9	0.1183	0.0075	0.0431
1	SPILL	9	0.2655	0.0073	0.2564
1	SPILL	9	0.8348	0.0167	0.0661
1	SPILL	3	0.0666	0.0082	0.0133
1	SPILL	8	0.0912	0.0086	0.0352
1	SPILL	5	0.1649	0.0081	0.1163
1	SPILL	2	0.0511	0.0079	0.0104
1	SPILL	2	0.0489	0.0073	0.0102
1	SPILL	7	0.0711	0.0074	0.0341
1	SPILL	7	0.2049	0.0074	0.1613
1	SPILL	3	0.0519	0.0087	0.0143
1	SPILL	3	0.0561	0.0078	0.0158
1	SPILL	6	0.0715	0.0078	0.0325
1	SPILL	6	0.1824	0.0086	0.1332
1	SPILL	2	0.0458	0.0079	0.0085
1	SPILL	2	0.0893	0.0081	0.0493
1	SPILL	5	0.0446	0.0080	0.0090
1	SPILL	1	0.0377	0.0090	0.0002
1	SPILL	5	0.0800	0.0084	0.0158
1	SPILL	1	0.0391	0.0096	0.0001
1	SPILL	4	0.0656	0.0084	0.0211
1	SPILL	4	0.1252	0.0082	0.1100
1	SPILL	1	0.0449	0.0110	0.0002
1	SPILL	1	0.0441	0.0101	0.0002
1	SPILL	3	0.9244	0.0185	0.0070
1	SPILL	3	0.0595	0.0108	0.0140
1	SPILL	3	0.0501	0.0099	0.0108
1	SPILL	2	0.0678	0.0093	0.0093
1	SPILL	2	0.0550	0.0095	0.0073
1	SPILL	2	0.0500	0.0097	0.0083
1	SPILL	2	0.0800	0.0088	0.0362
1	SPILL	1	0.0381	0.0091	0.0002
1	SPILL	1	0.0403	0.0125	0.0002
1	SPILL	1	0.0558	0.0100	0.0001
1	SPILL	1	0.0383	0.0093	0.0002
1	SPILL	1	0.0399	0.0122	0.0001
1	BUD	0	0.0381	0.0053	0.0002
1	BUD	0	0.0384	0.0054	0.0001
1	BUD	0	0.0358	0.0053	0.0001
1	BUD	0	0.0342	0.0050	0.0001
1	BUD	0	0.0334	0.0049	0.0001
1	VRAK	0	0.0401	0.0054	0.0001
1	VELG	0	0.0368	0.0051	0.0002
1	SPILL	6	0.0759	0.0055	0.0350
1	SPILL	1	0.0367	0.0071	0.0002
1	SPILL	3	0.0543	0.0055	0.0172
1	SPILL	3	0.0521	0.0056	0.0161
1	SPILL	11	0.0559	0.0076	0.0197
1	SPILL	2	0.0484	0.0056	0.0088
1	SPILL	3	0.0463	0.0060	0.0110
1	SPILL	3	0.0549	0.0065	0.0146
1	SPILL	10	0.0564	0.0061	0.0183
1	SPILL	3	0.0499	0.0067	0.0104
1	SPILL	2	0.0551	0.0069	0.0083
1	SPILL	5	0.0654	0.0067	0.0261
1	SPILL	9	0.0494	0.0063	0.0146
1	SPILL	2	0.0491	0.0063	0.0097
1	SPILL	3	0.0524	0.0067	0.0145
1	SPILL	9	0.2400	0.0071	0.2079
1	SPILL	8	0.0491	0.0070	0.0146
1	SPILL	4	0.0537	0.0074	0.0137
1	SPILL	2	0.0886	0.0076	0.0461
1	SPILL	1	0.0393	0.0073	0.0001
1	SPILL	7	0.0964	0.0075	0.0534
1	SPILL	7	0.2646	0.0088	0.2518
1	SPILL	2	0.0581	0.0090	0.0125
1	SPILL	2	0.0647	0.0118	0.0105
1	SPILL	6	0.1202	0.0113	0.0601
1	SPILL	4	0.1676	0.0123	0.1165
1	SPILL	1	0.0538	0.0090	0.0002
1	SPILL	2	0.0622	0.0119	0.0111
1	SPILL	5	0.1152	0.0095	0.0660
1	SPILL	5	0.1991	0.0094	0.1397
1	SPILL	1	0.0503	0.0091	0.0002
1	SPILL	1	0.0497	0.0126	0.0001
1	SPILL	4	0.0596	0.0131	0.0127
1	SPILL	4	0.0653	0.0100	0.0135
1	SPILL	1	0.0503	0.0102	0.0002
1	SPILL	1	0.0471	0.0130	0.0002
1	SPILL	3	0.0919	0.0101	0.0350
1	SPILL	3	0.1312	0.0126	0.0809
1	SPILL	3	0.0608	0.0101	0.0203
1	SPILL	3	0.0791	0.0113	0.0168
1	SPILL	2	0.0865	0.0113	0.0219
1	SPILL	2	0.1066	0.0125	0.0484
1	SPILL	2	0.0661	0.0110	0.0124
1	SPILL	2	0.0783	0.0143	0.0124
1	SPILL	1	0.0460	0.0126	0.0002
1	SPILL	1	0.0474	0.0134	0.0001
1	SPILL	1	0.0539	0.0240	0.0001
1	SPILL	1	0.0501	0.0113	0.0001
1	BUD	0	0.0445	0.0073	0.0002
1	BUD	0	0.0718	0.0121	0.0002
1	BUD	0	0.0427	0.0061	0.0001
1	BUD	0	0.0436	0.0060	0.0002
1	VRAK	0	0.0466	0.0057	0.0002
1	VELG	0	0.0583	0.0064	0.0002
1	SPILL	6	0.2989	0.0152	0.0403
1	SPILL	1	0.0426	0.0065	0.0002
1	SPILL	4	0.0630	0.0060	0.0215
1	SPILL	12	0.1209	0.0059	0.0841
1	SPILL	11	0.0581	0.0063	0.0204
1	SPILL	3	0.0483	0.0062	0.0107
1	SPILL	11	0.3103	0.0063	0.2718
1	SPILL	5	0.0545	0.0069	0.0174
1	SPILL	10	0.1046	0.0063	0.0740
1	SPILL	1	0.0678	0.0078	0.0002
1	SPILL	2	0.0502	0.0068	0.0089
1	SPILL	10	0.1088	0.0072	0.0544
1	SPILL	9	0.0483	0.0072	0.0148
1	SPILL	5	0.0521	0.0066	0.0161
1	SPILL	2	0.0860	0.0076	0.0465
1	SPILL	9	0.0689	0.0086	0.0316
1	SPILL	8	0.0503	0.0127	0.0157
1	SPILL	8	0.2155	0.0073	0.1717
1	SPILL	3	0.0499	0.0073	0.0123
1	SPILL	8	0.0830	0.0076	0.0395
1	SPILL	7	0.0541	0.0076	0.0119
1	SPILL	1	0.0363	0.0075	0.0001
1	SPILL	7	0.0686	0.0073	0.0232
1	SPILL	2	0.0890	0.0073	0.0459
1	SPILL	6	0.0632	0.0074	0.0241
1	SPILL	2	0.0879	0.0084	0.0433
1	SPILL	2	0.0532	0.0075	0.0091
1	SPILL	1	0.0387	0.0094	0.0001
1	SPILL	5	0.0625	0.0085	0.0089
1	SPILL	3	0.0488	0.0084	0.0165
1	SPILL	5	0.1960	0.0137	0.1405
1	SPILL	5	0.0726	0.0130	0.0194
1	SPILL	4	0.0579	0.0164	0.0192
1	SPILL	1	0.0490	0.0126	0.0001
1	SPILL	1	0.0492	0.0100	0.0002
1	SPILL	4	0.0785	0.0094	0.0219
1	SPILL	3	0.0585	0.0124	0.0152
1	SPILL	3	0.1299	0.0097	0.0730
1	SPILL	1	0.0484	0.0103	0.0001
1	SPILL	3	0.0718	0.0110	0.0203
1	SPILL	2	0.0538	0.0097	0.0078
1	SPILL	2	0.1026	0.0124	0.0486
1	SPILL	2	0.0624	0.0123	0.0094
1	SPILL	2	0.0636	0.0135	0.0128
1	SPILL	1	0.0428	0.0110	0.0001
1	SPILL	1	0.0450	0.0141	0.0002
1	SPILL	1	0.0482	0.0132	0.0002
1	SPILL	1	0.0441	0.0109	0.0002
1	BUD	0	0.0518	0.0071	0.0002
1	BUD	0	0.0470	0.0059	0.0001
1	BUD	0	0.0380	0.0054	0.0001
1	BUD	0	0.0467	0.0055	0.0001
1	VRAK	0	0.0421	0.0085	0.0001
1	VELG	0	0.0425	0.0056	0.0002
1	SPILL	5	0.0876	0.0071	0.0388
1	SPILL	3	0.0594	0.0056	0.0195
1	SPILL	1	0.0481	0.0062	0.0002
1	SPILL	2	0.0580	0.0059	0.0160
1	SPILL	11	0.1083	0.0064	0.0271
1	SPILL	1	0.0669	0.0072	0.0002
1	SPILL	4	0.0726	0.0070	0.0184
1	SPILL	2	0.0529	0.0068	0.0088
1	SPILL	10	0.0662	0.0092	0.0194
1	SPILL	1	0.0409	0.0095	0.0001
1	SPILL	10	0.1235	0.0072	0.0762
1	SPILL	3	0.1315	0.0074	0.0754
1	SPILL	9	0.0758	0.0107	0.0170
1	SPILL	3	0.0587	0.0096	0.0173
1	SPILL	9	0.0702	0.0085	0.0352
1	SPILL	3	0.2960	0.0110	0.0786
1	SPILL	8	0.0485	0.0066	0.0133
1	SPILL	8	0.0585	0.0071	0.0206
1	SPILL	2	0.0473	0.0073	0.0094
1	SPILL	3	0.1011	0.0076	0.0632
1	SPILL	7	0.0665	0.0073	0.0424
1	SPILL	3	0.0494	0.0075	0.0115
1	SPILL	3	0.0493	0.0076	0.0127
1	SPILL	3	0.1073	0.0078	0.0690
1	SPILL	6	0.0429	0.0077	0.0116
1	SPILL	2	0.0462	0.0080	0.0080
1	SPILL	2	0.0455	0.0076	0.0092
1	SPILL	2	0.0862	0.0088	0.0429
1	SPILL	5	0.0585	0.0078	0.0212
1	SPILL	5	0.0600	0.0090	0.0215
1	SPILL	5	0.1380	0.0081	0.0996
1	SPILL	5	0.0587	0.0089	0.0220
1	SPILL	4	0.0474	0.0080	0.0110
1	SPILL	1	0.0364	0.0151	0.0002
1	SPILL	4	0.1237	0.0300	0.0870
1	SPILL	1	0.0387	0.0086	0.0002
1	SPILL	3	0.0482	0.0085	0.0096
1	SPILL	3	0.0517	0.0087	0.0132
1	SPILL	1	0.0434	0.0100	0.0002
1	SPILL	2	0.0500	0.0088	0.0091
1	SPILL	2	0.0446	0.0102	0.0072
1	SPILL	2	0.0590	0.0092	0.0092
1	SPILL	2	0.0778	0.0161	0.0380
1	SPILL	1	0.0392	0.0087	0.0002
1	SPILL	1	0.0378	0.0100	0.0002
1	SPILL	1	0.0360	0.0096	0.0002
1	SPILL	1	0.0442	0.0092	0.0001
1	SPILL	1	0.0378	0.0097	0.0001
1	BUD	0	0.0349	0.0049	0.0002
1	BUD	0	0.0343	0.0050	0.0001
1	BUD	0	0.0409	0.0050	0.0001
1	BUD	0	0.0326	0.0047	0.0001
1	VRAK	0	0.0390	0.0052	0.0001
1	VELG	0	0.0398	0.0068	0.0002
1	SPILL	6	0.0840	0.0061	0.0346
1	SPILL	1	0.0394	0.0062	0.0002
1	SPILL	3	0.0562	0.0059	0.0159
1	SPILL	2	0.0614	0.0057	0.0115
1	SPILL	11	0.0595	0.0058	0.0206
1	SPILL	2	0.0721	0.0065	0.0091
1	SPILL	1	0.0339	0.0054	0.0001
1	SPILL	5	0.1465	0.0069	0.1044
1	SPILL	10	0.0495	0.0062	0.0162
1	SPILL	4	0.0513	0.0064	0.0136
1	SPILL	2	0.0555	0.0061	0.0082
1	SPILL	5	0.0623	0.0066	0.0180
1	SPILL	9	0.0862	0.0062	0.0483
1	SPILL	9	0.2697	0.0077	0.2002
1	SPILL	1	0.0366	0.0070	0.0002
1	SPILL	9	0.0885	0.0069	0.0476
1	SPILL	8	0.0802	0.0070	0.0402
1	SPILL	8	0.2381	0.0076	0.1790
1	SPILL	8	0.0754	0.0076	0.0396
1	SPILL	8	0.0840	0.0074	0.0398
1	SPILL	7	0.0711	0.0071	0.0335
1	SPILL	7	0.2068	0.0155	0.1608
1	SPILL	2	0.0444	0.0081	0.0095
1	SPILL	1	0.0349	0.0072	0.0002
1	SPILL	6	0.0458	0.0077	0.0102
1	SPILL	6	0.3349	0.0113	0.1535
1	SPILL	3	0.0576	0.0083	0.0113
1	SPILL	6	0.1774	0.0081	0.1375
1	SPILL	5	0.0668	0.0079	0.0294
1	SPILL	5	0.1548	0.0084	0.1140
1	SPILL	5	0.0581	0.0086	0.0221
1	SPILL	5	0.0582	0.0083	0.0220
1	SPILL	4	0.0596	0.0081	0.0208
1	SPILL	4	0.1952	0.0127	0.1006
1	SPILL	4	0.0637	0.0101	0.0170
1	SPILL	4	0.0563	0.0103	0.0158
1	SPILL	3	0.0590	0.0094	0.0178
1	SPILL	3	0.0982	0.0106	0.0564
1	SPILL	3	0.0500	0.0087	0.0117
1	SPILL	3	0.0491	0.0146	0.0120
1	SPILL	2	0.0430	0.0087	0.0060
1	SPILL	2	0.0785	0.0086	0.0362
1	SPILL	1	0.0440	0.0083	0.0001
1	SPILL	2	0.0482	0.0088	0.0078
1	SPILL	1	0.0343	0.0087	0.0001
1	SPILL	1	0.0378	0.0143	0.0001
1	SPILL	1	0.0452	0.0099	0.0000
1	SPILL	1	0.0358	0.0092	0.0001
1	BUD	0	0.0317	0.0046	0.0001
1	BUD	0	0.0331	0.0131	0.0001
1	BUD	0	0.0316	0.0048	0.0001
1	BUD	0	0.0290	0.0043	0.0001
1	VRAK	0	0.0345	0.0235	0.0001
1	VELG	0	0.0315	0.0155	0.0001
1	SPILL	7	0.1522	0.0061	0.0453
1	SPILL	1	0.0357	0.0054	0.0001
1	SPILL	3	0.1453	0.0105	0.0254
1	SPILL	1	0.0373	0.0055	0.0001
1	SPILL	11	0.0573	0.0060	0.0184
1	SPILL	2	0.0435	0.0056	0.0074
1	SPILL	11	0.3043	0.0062	0.3099
1	SPILL	6	0.0624	0.0066	0.0191
1	SPILL	10	0.0923	0.0061	0.0548
1	SPILL	10	0.2788	0.0086	0.2468
1	SPILL	1	0.0338	0.0063	0.0001
1	SPILL	10	0.2761	0.0152	0.2391
1	SPILL	9	0.0458	0.0066	0.0146
1	SPILL	3	0.1010	0.0064	0.0650
1	SPILL	2	0.0510	0.0079	0.0087
1	SPILL	2	0.0556	0.0067	0.0082
1	SPILL	8	0.0482	0.0063	0.0119
1	SPILL	8	0.0575	0.0065	0.0227
1	SPILL	4	0.0469	0.0067	0.0117
1	SPILL	3	0.0493	0.0149	0.0127
1	SPILL	7	0.0452	0.0068	0.0099
1	SPILL	2	0.0449	0.0069	0.0075
1	SPILL	4	0.1313	0.0083	0.0900
1	SPILL	2	0.0465	0.0078	0.0070
1	SPILL	6	0.0960	0.0089	0.0453
1	SPILL	6	0.1795	0.2523	0.1742
1	SPILL	6	0.0686	0.0082	0.0255
1	SPILL	6	0.0636	0.0082	0.0260
1	SPILL	5	0.0755	0.0076	0.0362
1	SPILL	5	0.1401	0.0080	0.1078
1	SPILL	5	0.0575	0.0081	0.0205
1	SPILL	5	0.0568	0.0095	0.0199
1	SPILL	4	0.0657	0.0081	0.0280
1	SPILL	4	0.1168	0.0085	0.0768
1	SPILL	4	0.0515	0.0085	0.0166
1	SPILL	4	0.0601	0.0085	0.0151
1	SPILL	3	0.0547	0.0086	0.0174
1	SPILL	3	0.1072	0.0086	0.0651
1	SPILL	3	0.0488	0.0084	0.0114
1	SPILL	2	0.0444	0.0085	0.0084
1	SPILL	2	0.0544	0.0082	0.0154
1	SPILL	1	0.0366	0.0088	0.0001
1	SPILL	2	0.0479	0.0089	0.0082
1	SPILL	1	0.0372	0.0091	0.0001
1	SPILL	1	0.0385	0.0157	0.0001
1	SPILL	1	0.0377	0.0090	0.0000
1	SPILL	1	0.0439	0.0110	0.0002
1	SPILL	1	0.0416	0.0099	0.0001
2	BUD	0	0.0384	0.0066	0.0002
2	BUD	0	0.0328	0.0065	0.0000
2	BUD	0	0.0315	0.0046	0.0001
2	BUD	0	0.0304	0.0048	0.0001
2	BUD	0	0.0449	0.0069	0.0001
2	VRAK	0	0.0358	0.0053	0.0001
2	VELG	0	0.0374	0.0052	0.0001
2	SPILL	6	0.0688	0.0057	0.0296
2	SPILL	2	0.0444	0.0046	0.0094
2	SPILL	1	0.0306	0.0051	0.0002
2	SPILL	3	0.0493	0.0054	0.0141
2	SPILL	11	0.0479	0.0053	0.0152
2	SPILL	2	0.0382	0.0053	0.0066
2	SPILL	5	0.0444	0.0054	0.0127
2	SPILL	1	0.0294	0.0056	0.0001
2	SPILL	10	0.0797	0.0058	0.0413
2	SPILL	10	0.0822	0.0056	0.0454
2	SPILL	10	0.2515	0.0062	0.2119
2	SPILL	1	0.0320	0.0061	0.0001
2	SPILL	9	0.0760	0.0061	0.0355
2	SPILL	9	0.0743	0.0061	0.0384
2	SPILL	9	0.2255	0.0064	0.1876
2	SPILL	9	0.0779	0.0068	0.0448
2	SPILL	8	0.0786	0.0070	0.0338
2	SPILL	8	0.0739	0.0070	0.0372
2	SPILL	1	0.0348	0.0069	0.0001
2	SPILL	3	0.0739	0.0091	0.0129
2	SPILL	7	0.0886	0.0077	0.0315
2	SPILL	7	0.0699	0.0075	0.0309
2	SPILL	7	0.2293	0.0083	0.1561
2	SPILL	2	0.0441	0.0080	0.0072
2	SPILL	6	0.0432	0.0074	0.0086
2	SPILL	6	0.0535	0.0075	0.0148
2	SPILL	2	0.0444	0.0085	0.0083
2	SPILL	1	0.0346	0.0077	0.0001
2	SPILL	5	0.8477	0.0194	0.0273
2	SPILL	5	0.0683	0.0095	0.0209
2	SPILL	5	0.1979	0.0095	0.1069
2	SPILL	1	0.0380	0.0084	0.0001
2	SPILL	4	0.0442	0.0085	0.0066
2	SPILL	4	0.0532	0.0084	0.0234
2	SPILL	4	0.0728	0.0088	0.0160
2	SPILL	4	0.1180	0.0087	0.0782
2	SPILL	3	0.0476	0.0081	0.0081
2	SPILL	3	0.0513	0.0087	0.0113
2	SPILL	3	0.0949	0.0094	0.0584
2	SPILL	3	0.0668	0.0149	0.0180
2	SPILL	2	0.0437	0.0084	0.0088
2	SPILL	2	0.0473	0.0083	0.0076
2	SPILL	2	0.0775	0.0092	0.0359
2	SPILL	2	0.0451	0.0089	0.0080
2	SPILL	1	0.0496	0.0155	0.0001
2	SPILL	1	0.0408	0.0094	0.0001
2	SPILL	1	0.0376	0.0085	0.0001
2	SPILL	1	0.0352	0.0092	0.0001
2	BUD	0	0.0380	0.0048	0.0001
2	BUD	0	0.0632	0.0068	0.0001
2	BUD	0	0.0608	0.0075	0.0001
2	BUD	0	0.0331	0.0052	0.0001
2	BUD	0	0.0382	0.0055	0.0000
2	VRAK	0	0.0565	0.0065	0.0000
2	VELG	0	0.0318	0.0049	0.0001
2	SPILL	6	0.0670	0.0051	0.0292
2	SPILL	1	0.0316	0.0064	0.0001
2	SPILL	2	0.0458	0.0055	0.0103
2	SPILL	1	0.0319	0.0055	0.0001
2	SPILL	11	0.0613	0.0055	0.0190
2	SPILL	5	0.1345	0.0060	0.0935
2	SPILL	11	0.0988	0.0070	0.0633
2	SPILL	1	0.0338	0.0060	0.0001
2	SPILL	10	0.0822	0.0062	0.0425
2	SPILL	10	0.0865	0.0061	0.0520
2	SPILL	10	0.0846	0.0063	0.0511
2	SPILL	2	0.0751	0.0064	0.0380
2	SPILL	9	0.0749	0.0065	0.0561
2	SPILL	4	0.0457	0.0070	0.0113
2	SPILL	5	0.1363	0.0066	0.1059
2	SPILL	1	0.0479	0.0065	0.0001
2	SPILL	8	0.0454	0.0066	0.0133
2	SPILL	4	0.0490	0.0085	0.0127
2	SPILL	4	0.0473	0.0070	0.0117
2	SPILL	8	0.0750	0.0072	0.0375
2	SPILL	7	0.0727	0.0074	0.0394
2	SPILL	3	0.0486	0.0073	0.0120
2	SPILL	4	0.0680	0.0073	0.0163
2	SPILL	7	0.1834	0.0076	0.1356
2	SPILL	6	0.0730	0.0076	0.0334
2	SPILL	6	0.0618	0.0076	0.0250
2	SPILL	2	0.0439	0.0078	0.0071
2	SPILL	2	0.0515	0.0083	0.0079
2	SPILL	5	0.0410	0.0080	0.0077
2	SPILL	1	0.0342	0.0081	0.0001
2	SPILL	2	0.0471	0.0082	0.0069
2	SPILL	5	0.0849	0.0142	0.0213
2	SPILL	4	0.0682	0.0084	0.0305
2	SPILL	4	0.0607	0.0088	0.0151
2	SPILL	4	0.0530	0.0082	0.0150
2	SPILL	4	0.7091	0.0164	0.0777
2	SPILL	3	0.0851	0.0096	0.0296
2	SPILL	3	0.0549	0.0090	0.0114
2	SPILL	3	0.0509	0.0091	0.0111
2	SPILL	1	0.0377	0.0083	0.0001
2	SPILL	2	0.0430	0.0089	0.0040
2	SPILL	2	0.0707	0.0109	0.0286
2	SPILL	2	0.0462	0.0083	0.0082
2	SPILL	2	0.0445	0.0087	0.0075
2	SPILL	1	0.0363	0.0083	0.0002
2	SPILL	1	0.0371	0.0094	0.0001
2	SPILL	1	0.0385	0.0089	0.0001
2	SPILL	1	0.0361	0.0094	0.0001
2	BUD	0	0.0314	0.0055	0.0001
2	BUD	0	0.0318	0.0050	0.0001
2	BUD	0	0.0318	0.0145	0.0001
2	BUD	0	0.0803	0.0117	0.0001
2	BUD	0	0.0347	0.0074	0.0000
2	VRAK	0	0.0379	0.0075	0.0001
2	VELG	0	0.0438	0.0079	0.0002
2	SPILL	8	0.0838	0.0075	0.0415
2	SPILL	1	0.0441	0.0080	0.0001
2	SPILL	2	0.0504	0.0074	0.0107
2	SPILL	1	0.0354	0.0091	0.0001
2	SPILL	11	0.0756	0.0115	0.0180
2	SPILL	7	0.1733	0.0082	0.1410
2	SPILL	11	0.0984	0.0086	0.0587
2	SPILL	1	0.0487	0.0097	0.0001
2	SPILL	10	0.1022	0.0097	0.0526
2	SPILL	10	0.1186	0.0101	0.0495
2	SPILL	10	0.0972	0.0097	0.0515
2	SPILL	10	0.2888	0.0099	0.2339
2	SPILL	9	0.0867	0.0110	0.0479
2	SPILL	9	0.0827	0.0094	0.0430
2	SPILL	9	0.0822	0.0114	0.0444
2	SPILL	9	0.2456	0.0250	0.2037
2	SPILL	8	0.0825	0.0100	0.0418
2	SPILL	1	0.0380	0.0100	0.0002
2	SPILL	2	0.0866	0.0118	0.0406
2	SPILL	5	0.0601	0.0111	0.0176
2	SPILL	7	0.0501	0.0096	0.0103
2	SPILL	1	0.0500	0.0106	0.0001
2	SPILL	7	0.0753	0.0109	0.0330
2	SPILL	1	0.0470	0.0108	0.0001
2	SPILL	6	0.0863	0.0112	0.0388
2	SPILL	6	0.0685	0.0113	0.0243
2	SPILL	6	0.0637	0.0117	0.0259
2	SPILL	6	0.1840	0.0118	0.1212
2	SPILL	5	0.1021	0.0117	0.0327
2	SPILL	3	0.0534	0.0119	0.0116
2	SPILL	3	0.0924	0.0122	0.0121
2	SPILL	2	0.1042	0.0129	0.0401
2	SPILL	4	0.0883	0.0257	0.0300
2	SPILL	2	0.0507	0.0120	0.0101
2	SPILL	2	0.0580	0.0142	0.0091
2	SPILL	1	0.0431	0.0128	0.0002
2	SPILL	3	0.0888	0.0128	0.0288
2	SPILL	3	0.0782	0.0163	0.0159
2	SPILL	3	0.0839	0.0127	0.0120
2	SPILL	3	0.1013	0.0123	0.2322
2	SPILL	2	0.0672	0.0121	0.0200
2	SPILL	2	0.0511	0.0120	0.0073
2	SPILL	2	0.0477	0.0121	0.0076
2	SPILL	2	0.0719	0.0130	0.0305
2	SPILL	1	0.0378	0.0124	0.0001
2	SPILL	1	0.0408	0.0145	0.0001
2	SPILL	1	0.2415	0.0161	0.0001
2	SPILL	1	0.0434	0.0140	0.0000
3	BUD	0	0.0392	0.0073	0.0002
3	BUD	0	0.0345	0.0076	0.0003
3	BUD	0	0.0325	0.0071	0.0001
3	BUD	0	0.0313	0.0064	0.0001
3	BUD	0	0.0319	0.0090	0.0001
3	VRAK	0	0.0498	0.0073	0.0001
3	VELG	0	0.0341	0.0073	0.0001
3	SPILL	5	0.0656	0.0079	0.0273
3	SPILL	2	0.0497	0.0073	0.0111
3	SPILL	1	0.0373	0.0069	0.0002
3	SPILL	2	0.0486	0.0062	0.0134
3	SPILL	11	0.0577	0.0060	0.0226
3	SPILL	1	0.0513	0.0066	0.0001
3	SPILL	4	0.0471	0.0059	0.0124
3	SPILL	1	0.0317	0.0062	0.0001
3	SPILL	10	0.0720	0.0061	0.0364
3	SPILL	10	0.0987	0.0065	0.0487
3	SPILL	2	0.0725	0.0061	0.0386
3	SPILL	10	0.0788	0.0075	0.0483
3	SPILL	9	0.0669	0.0061	0.0314
3	SPILL	2	0.0419	0.0064	0.0086
3	SPILL	2	0.1054	0.0065	0.0426
3	SPILL	3	0.0436	0.0064	0.0120
3	SPILL	8	0.0694	0.0075	0.0308
3	SPILL	1	0.0341	0.0066	0.0001
3	SPILL	1	0.0343	0.0076	0.0002
3	SPILL	2	0.0816	0.0077	0.0406
3	SPILL	7	0.0425	0.0071	0.0106
3	SPILL	4	0.0784	0.0077	0.0169
3	SPILL	3	0.0939	0.0071	0.0555
3	SPILL	7	0.0528	0.0076	0.0199
3	SPILL	6	0.0563	0.0070	0.0214
3	SPILL	6	0.0616	0.0081	0.0242
3	SPILL	6	0.1425	0.0074	0.1020
3	SPILL	1	0.0364	0.0077	0.0002
3	SPILL	5	0.0413	0.0074	0.0085
3	SPILL	2	0.0545	0.0068	0.0082
3	SPILL	5	0.1184	0.0078	0.0877
3	SPILL	2	0.0434	0.0080	0.0096
3	SPILL	4	0.0388	0.0081	0.0074
3	SPILL	1	0.0506	0.0090	0.0002
3	SPILL	4	0.0494	0.0079	0.0123
3	SPILL	1	0.0320	0.0097	0.0002
3	SPILL	3	0.0447	0.0080	0.0084
3	SPILL	3	0.0482	0.0084	0.0116
3	SPILL	2	0.0715	0.0091	0.0333
3	SPILL	3	0.0447	0.0225	0.0117
3	SPILL	2	0.0404	0.0079	0.0067
3	SPILL	2	0.0447	0.0086	0.0078
3	SPILL	1	0.0371	0.0081	0.0002
3	SPILL	2	0.1129	0.0087	0.0320
3	SPILL	1	0.0329	0.0116	0.0002
3	SPILL	1	0.0422	0.0091	0.0001
3	SPILL	1	0.0349	0.0104	0.0001
3	SPILL	1	0.0363	0.0094	0.0002
3	BUD	0	0.0310	0.0050	0.0001
3	BUD	0	0.0307	0.0048	0.0001
3	BUD	0	0.0293	0.0048	0.0001
3	BUD	0	0.0471	0.0051	0.0001
3	BUD	0	0.0441	0.0049	0.0002
3	VRAK	0	0.0332	0.0051	0.0002
3	VELG	0	0.0328	0.0049	0.0001
3	SPILL	6	0.0694	0.0057	0.0341
3	SPILL	1	0.0315	0.0050	0.0002
3	SPILL	1	0.0328	0.0057	0.0002
3	SPILL	4	0.0776	0.0071	0.0211
3	SPILL	11	0.0547	0.0064	0.0420
3	SPILL	11	0.0957	0.0067	0.0622
3	SPILL	3	0.7741	0.0166	0.0145
3	SPILL	5	0.0574	0.0068	0.0179
3	SPILL	10	0.0996	0.0076	0.0506
3	SPILL	5	0.1472	0.0075	0.0996
3	SPILL	5	0.0575	0.0068	0.0227
3	SPILL	2	0.0445	0.0065	0.0092
3	SPILL	9	0.0445	0.0060	0.0150
3	SPILL	3	0.0438	0.0061	0.0106
3	SPILL	3	0.1001	0.0068	0.0623
3	SPILL	9	0.0625	0.0071	0.0250
3	SPILL	8	0.1043	0.0068	0.0359
3	SPILL	3	0.0989	0.0069	0.0581
3	SPILL	2	0.0422	0.0070	0.0084
3	SPILL	3	0.0994	0.0071	0.0617
3	SPILL	7	0.0420	0.0072	0.0127
3	SPILL	1	0.0345	0.0070	0.0002
3	SPILL	7	0.0581	0.0073	0.0203
3	SPILL	4	0.1146	0.0122	0.0780
3	SPILL	6	0.0673	0.0082	0.0286
3	SPILL	2	0.0780	0.0077	0.0389
3	SPILL	1	0.0406	0.0076	0.0002
3	SPILL	2	0.0467	0.0082	0.0082
3	SPILL	5	0.0441	0.0073	0.0111
3	SPILL	3	0.0512	0.0081	0.0147
3	SPILL	1	0.0347	0.0079	0.0001
3	SPILL	5	0.1624	0.0089	0.1005
3	SPILL	4	0.0434	0.0085	0.0097
3	SPILL	4	0.0500	0.0090	0.0131
3	SPILL	1	0.0397	0.0081	0.0001
3	SPILL	2	0.0487	0.0098	0.0094
3	SPILL	3	0.0533	0.0084	0.0170
3	SPILL	3	0.0902	0.0083	0.0512
3	SPILL	3	0.0477	0.0086	0.0130
3	SPILL	2	0.0464	0.0092	0.0087
3	SPILL	2	0.0439	0.0089	0.0069
3	SPILL	2	0.0777	0.0087	0.0378
3	SPILL	2	0.0437	0.0088	0.0089
3	SPILL	2	0.0422	0.0089	0.0080
3	SPILL	1	0.0316	0.0091	0.0002
3	SPILL	1	0.0375	0.0090	0.0002
3	SPILL	1	0.0348	0.0088	0.0002
3	SPILL	1	0.0349	0.0194	0.0001
3	BUD	0	0.0302	0.0048	0.0001
3	BUD	0	0.0612	0.0062	0.0001
3	BUD	0	0.0328	0.0121	0.0001
3	BUD	0	0.0310	0.0053	0.0001
3	BUD	0	0.0306	0.0055	0.0002
3	BUD	0	0.0308	0.0051	0.0001
3	VRAK	0	0.0325	0.0056	0.0001
3	VELG	0	0.0366	0.0055	0.0001
3	SPILL	6	0.0729	0.0058	0.0372
3	SPILL	1	0.0387	0.0065	0.0002
3	SPILL	1	0.0359	0.0070	0.0001
3	SPILL	3	0.0538	0.0060	0.0199
3	SPILL	11	0.0651	0.0074	0.0244
3	SPILL	2	0.0434	0.0067	0.0085
3	SPILL	5	0.0503	0.0074	0.0173
3	SPILL	11	0.1126	0.0066	0.0633
3	SPILL	10	0.1164	0.0070	0.0481
3	SPILL	10	0.0865	0.0077	0.0529
3	SPILL	1	0.0383	0.0399	0.0002
3	SPILL	1	0.0367	0.0072	0.0002
3	SPILL	9	0.0767	0.0072	0.0411
3	SPILL	9	0.0814	0.0068	0.0461
3	SPILL	9	0.2651	0.0197	1.0528
3	SPILL	9	0.0890	0.0078	0.0478
3	SPILL	8	0.0691	0.0068	0.0330
3	SPILL	4	0.0488	0.0067	0.0126
3	SPILL	1	0.0422	0.0070	0.0002
3	SPILL	2	0.0823	0.0073	0.0441
3	SPILL	7	0.0421	0.0070	0.0123
3	SPILL	7	0.0689	0.0071	0.0337
3	SPILL	1	0.0335	0.0073	0.0002
3	SPILL	4	0.0561	0.0079	0.0185
3	SPILL	6	0.0403	0.0077	0.0107
3	SPILL	1	0.0375	0.0079	0.0002
3	SPILL	2	0.0553	0.0135	0.0144
3	SPILL	3	0.0481	0.0079	0.0134
3	SPILL	5	0.0405	0.0075	0.0091
3	SPILL	5	0.0561	0.0083	0.0227
3	SPILL	5	0.1394	0.0086	0.0986
3	SPILL	3	0.0524	0.0080	0.0130
3	SPILL	4	0.0455	0.0082	0.0079
3	SPILL	2	0.0589	0.0081	0.0093
3	SPILL	3	0.1129	0.0077	0.0573
3	SPILL	4	0.0548	0.0081	0.0135
3	SPILL	3	0.0531	0.0081	0.0167
3	SPILL	3	0.0479	0.0080	0.0121
3	SPILL	3	0.0883	0.0081	0.0509
3	SPILL	3	0.0464	0.0082	0.0137
3	SPILL	2	0.0413	0.0155	0.0073
3	SPILL	2	0.0428	0.0093	0.0084
3	SPILL	2	0.0719	0.0083	0.0340
3	SPILL	2	0.0419	0.0085	0.0107
3	SPILL	1	0.0507	0.0086	0.0002
3	SPILL	1	0.0363	0.0089	0.0001
3	SPILL	1	0.0340	0.0095	0.0001
3	SPILL	1	0.0351	0.0086	0.0001
3	BUD	0	0.0310	0.0047	0.0001
3	BUD	0	0.0301	0.0048	0.0001
3	BUD	0	0.0298	0.0049	0.0001
3	BUD	0	0.0350	0.0050	0.0001
3	BUD	0	0.0292	0.0049	0.0001
3	VRAK	0	0.0321	0.0051	0.0001
3	VELG	0	0.0299	0.0055	0.0001
3	SPILL	8	0.0848	0.0061	0.0418
3	SPILL	1	0.0316	0.0053	0.0002
3	SPILL	2	0.0472	0.0052	0.0119
3	SPILL	2	0.0429	0.0065	0.0112
3	SPILL	11	0.0502	0.0057	0.0190
3	SPILL	3	0.0420	0.0135	0.0111
3	SPILL	2	0.0377	0.0060	0.0077
3	SPILL	2	0.0408	0.0052	0.0084
3	SPILL	10	0.1192	0.0060	0.0609
3	SPILL	10	0.2527	0.0061	0.2131
3	SPILL	1	0.0299	0.0058	0.0001
3	SPILL	1	0.0416	0.0063	0.0001
3	SPILL	9	0.0883	0.0060	0.0548
3	SPILL	9	0.2193	0.0065	0.1860
3	SPILL	9	0.0776	0.0065	0.0464
3	SPILL	9	0.0775	0.0068	0.0456
3	SPILL	8	0.0928	0.0068	0.0479
3	SPILL	8	0.2163	0.0070	0.1748
3	SPILL	8	0.0843	0.0071	0.0387
3	SPILL	8	0.0708	0.0072	0.0407
3	SPILL	7	0.0774	0.0068	0.0414
3	SPILL	7	0.1899	0.0070	0.1493
3	SPILL	7	0.2245	0.0106	0.0321
3	SPILL	7	0.0647	0.0068	0.0318
3	SPILL	6	0.0690	0.0070	0.0338
3	SPILL	6	0.1556	0.0073	0.1169
3	SPILL	6	0.0579	0.0076	0.0255
3	SPILL	6	0.0574	0.0073	0.0264
3	SPILL	5	0.0616	0.0076	0.0277
3	SPILL	2	0.0787	0.0078	0.0400
3	SPILL	1	0.0324	0.0090	0.0001
3	SPILL	4	0.1223	0.0081	0.0826
3	SPILL	4	0.0389	0.0089	0.0080
3	SPILL	4	0.1134	0.0090	0.0759
3	SPILL	1	0.0351	0.0088	0.0002
3	SPILL	1	0.0366	0.0081	0.0002
3	SPILL	3	0.0398	0.0080	0.0066
3	SPILL	3	0.0962	0.0079	0.0551
3	SPILL	3	0.0440	0.0086	0.0099
3	SPILL	3	0.0946	0.0097	0.0794
3	SPILL	2	0.0518	0.0079	0.0150
3	SPILL	2	0.0679	0.0085	0.0336
3	SPILL	2	0.0434	0.0082	0.0087
3	SPILL	2	0.0422	0.0081	0.0086
3	SPILL	1	0.0330	0.0081	0.0002
3	SPILL	1	0.0405	0.0088	0.0002
3	SPILL	1	0.0338	0.0089	0.0002
3	SPILL	1	0.0584	0.0102	0.0002
3	BUD	0	0.0297	0.0046	0.0001
3	BUD	0	0.0421	0.0056	0.0002
3	BUD	0	0.0346	0.0056	0.0002
3	BUD	0	0.0317	0.0245	0.0001
3	VRAK	0	0.0351	0.0058	0.0001
3	VELG	0	0.0330	0.0055	0.0001
3	SPILL	6	0.0679	0.0057	0.0336
3	SPILL	1	0.0338	0.0058	0.0001
3	SPILL	3	0.0518	0.0101	0.0175
3	SPILL	12	0.1187	0.0062	0.0868
3	SPILL	11	0.0543	0.0066	0.0215
3	SPILL	2	0.0420	0.0060	0.0079
3	SPILL	11	0.2868	0.0068	0.2514
3	SPILL	5	0.0515	0.0064	0.0164
3	SPILL	10	0.0802	0.0064	0.0464
3	SPILL	2	0.0749	0.0069	0.0383
3	SPILL	1	0.0325	0.0065	0.0002
3	SPILL	10	0.0886	0.0066	0.0526
3	SPILL	9	0.0731	0.0062	0.0400
3	SPILL	2	0.0862	0.0150	0.0419
3	SPILL	3	0.0458	0.0065	0.0145
3	SPILL	4	0.0441	0.0068	0.0129
3	SPILL	8	0.0436	0.0915	0.0145
3	SPILL	3	0.0740	0.0072	0.0138
3	SPILL	1	0.0365	0.0075	0.0002
3	SPILL	2	0.0958	0.0144	0.0426
3	SPILL	7	0.0418	0.0074	0.0122
3	SPILL	7	0.0540	0.0068	0.0185
3	SPILL	3	0.1049	0.0074	0.0723
3	SPILL	4	0.0509	0.0075	0.0196
3	SPILL	6	0.0691	0.0080	0.0299
3	SPILL	1	0.0441	0.0095	0.0002
3	SPILL	6	0.0646	0.0081	0.0268
3	SPILL	6	0.0598	0.0080	0.0258
3	SPILL	5	0.0404	0.0080	0.0091
3	SPILL	2	0.0431	0.0083	0.0079
3	SPILL	1	0.0411	0.0089	0.0022
3	SPILL	5	0.0531	0.0085	0.0138
3	SPILL	4	0.0499	0.0110	0.0071
3	SPILL	4	0.1157	0.0085	0.0723
3	SPILL	4	0.0471	0.0083	0.0103
3	SPILL	1	0.0355	0.0082	0.0001
3	SPILL	3	0.0466	0.0081	0.0084
3	SPILL	3	0.3507	0.0411	0.0553
3	SPILL	1	0.0413	0.0096	0.0001
3	SPILL	1	0.0371	0.0090	0.0001
3	SPILL	2	0.0456	0.0083	0.0060
3	SPILL	2	0.0721	0.0088	0.0321
3	SPILL	2	0.0432	0.0081	0.0076
3	SPILL	2	0.0421	0.0096	0.0081
3	SPILL	1	0.0329	0.0083	0.0001
3	SPILL	1	0.0345	0.0084	0.0001
3	SPILL	1	0.0351	0.0086	0.0001
3	SPILL	1	0.0327	0.0080	0.0001
3	BUD	0	0.0301	0.0050	0.0001
3	BUD	0	0.0327	0.0133	0.0002
3	BUD	0	0.0384	0.0055	0.0001
3	BUD	0	0.0314	0.0074	0.0001
3	BUD	0	0.0305	0.0053	0.0001
3	VRAK	0	0.0400	0.0058	0.0001
3	VELG	0	0.0306	0.0051	0.0001
3	SPILL	5	0.0629	0.0107	0.0264
3	SPILL	2	0.0669	0.0063	0.0093
3	SPILL	4	0.0552	0.0060	0.0173
3	SPILL	1	0.0389	0.0054	0.0001
3	SPILL	11	0.0528	0.0066	0.0179
3	SPILL	4	0.1350	0.0062	0.0754
3	SPILL	1	0.0441	0.0064	0.0002
3	SPILL	3	0.0588	0.0075	0.0126
3	SPILL	10	0.0838	0.0067	0.0430
3	SPILL	4	0.0573	0.0065	0.0123
3	SPILL	2	0.0840	0.0066	0.0434
3	SPILL	3	0.0756	0.0058	0.0096
3	SPILL	9	0.0431	0.0059	0.0137
3	SPILL	4	0.1122	0.0064	0.0729
3	SPILL	4	0.0459	0.0069	0.0166
3	SPILL	2	0.0772	0.0066	0.0425
3	SPILL	8	0.0420	0.0066	0.0112
3	SPILL	1	0.0413	0.0065	0.0001
3	SPILL	2	0.0444	0.0069	0.0084
3	SPILL	2	0.0426	0.0065	0.0066
3	SPILL	7	0.0695	0.0073	0.0352
3	SPILL	7	0.0646	0.0072	0.0308
3	SPILL	2	0.0418	0.0071	0.0069
3	SPILL	7	0.0663	0.0071	0.0299
3	SPILL	6	0.0430	0.0069	0.0099
3	SPILL	1	0.0313	0.0084	0.0001
3	SPILL	3	0.0510	0.0072	0.0093
3	SPILL	3	0.0451	0.0071	0.0121
3	SPILL	5	0.0703	0.0119	0.0255
3	SPILL	5	0.0549	0.0076	0.0189
3	SPILL	1	0.0336	0.0189	0.0001
3	SPILL	5	0.0559	0.0078	0.0197
3	SPILL	4	0.0386	0.0073	0.0064
3	SPILL	3	0.0458	0.0082	0.0118
3	SPILL	4	0.0531	0.0080	0.0126
3	SPILL	1	0.0404	0.0085	0.0001
3	SPILL	3	0.0468	0.0087	0.0082
3	SPILL	2	0.0453	0.0086	0.0095
3	SPILL	3	0.0491	0.0091	0.0111
3	SPILL	1	0.0400	0.0100	0.0001
3	SPILL	2	0.0590	0.0077	0.0060
3	SPILL	1	0.0353	0.0079	0.0002
3	SPILL	2	0.0457	0.0079	0.0077
3	SPILL	2	0.0714	0.0085	0.0320
3	SPILL	1	0.0318	0.0089	0.0001
3	SPILL	1	0.0357	0.0083	0.0000
3	SPILL	1	0.0434	0.0088	0.0001
3	SPILL	1	0.0346	0.0106	0.0000
3	BUD	0	0.0303	0.0045	0.0001
3	BUD	0	0.0324	0.0050	0.0001
3	BUD	0	0.0406	0.0138	0.0001
3	BUD	0	0.0335	0.0055	0.0001
3	BUD	0	0.0313	0.0052	0.0001
3	VRAK	0	0.0334	0.0057	0.0001
3	VELG	0	0.0379	0.0062	0.0001
3	SPILL	6	0.0690	0.0053	0.0289
3	SPILL	3	0.0467	0.0066	0.0125
3	SPILL	1	0.0320	0.0052	0.0001
3	SPILL	12	0.1778	0.0067	0.0851
3	SPILL	11	0.0592	0.0064	0.0216
3	SPILL	11	0.0956	0.0067	0.0593
3	SPILL	5	0.1379	0.0191	0.0964
3	SPILL	2	0.0431	0.0061	0.0080
3	SPILL	10	0.0897	0.0062	0.0438
3	SPILL	1	0.0325	0.0061	0.0001
3	SPILL	2	0.0491	0.0064	0.0074
3	SPILL	10	0.5660	0.0158	0.2221
3	SPILL	9	0.0490	0.0068	0.0149
3	SPILL	3	0.0489	0.0069	0.0102
3	SPILL	2	0.0429	0.0079	0.0085
3	SPILL	2	0.0793	0.0067	0.0405
3	SPILL	8	0.0451	0.0065	0.0132
3	SPILL	3	0.0477	0.0066	0.0118
3	SPILL	4	0.1119	0.0066	0.0739
3	SPILL	2	0.0404	0.0068	0.0066
3	SPILL	7	0.0419	0.0062	0.0106
3	SPILL	2	0.0433	0.0066	0.0090
3	SPILL	4	0.1165	0.0073	0.0788
3	SPILL	7	0.0521	0.0081	0.0168
3	SPILL	6	0.0632	0.0078	0.0270
3	SPILL	6	0.0593	0.0084	0.0250
3	SPILL	1	0.0325	0.0076	0.0001
3	SPILL	6	0.0624	0.0081	0.0249
3	SPILL	5	0.0638	0.0092	0.0197
3	SPILL	1	0.0335	0.0075	0.0002
3	SPILL	2	0.0801	0.0073	0.0389
3	SPILL	2	0.0430	0.0157	0.0082
3	SPILL	4	0.0537	0.0086	0.0170
3	SPILL	4	0.0515	0.0089	0.0147
3	SPILL	1	0.0342	0.0076	0.0001
3	SPILL	1	0.0340	0.0078	0.0000
3	SPILL	3	0.0406	0.0081	0.0053
3	SPILL	1	0.0333	0.0096	0.0001
3	SPILL	1	0.0359	0.0082	0.0001
3	SPILL	2	0.0462	0.0094	0.0083
3	SPILL	2	0.0605	0.0094	0.0156
3	SPILL	2	0.0493	0.0100	0.0078
3	SPILL	2	0.0789	0.0092	0.0347
3	SPILL	2	0.0468	0.0100	0.0078
3	SPILL	1	0.0371	0.0087	0.0001
3	SPILL	1	0.0395	0.0084	0.0001
3	SPILL	1	0.0377	0.0090	0.0001
3	SPILL	1	0.0352	0.0084	0.0001
3	BUD	0	0.0297	0.0048	0.0001
3	BUD	0	0.0295	0.0051	0.0001
3	BUD	0	0.0289	0.0047	0.0001
3	BUD	0	0.0318	0.0049	0.0001
3	BUD	0	0.0361	0.0049	0.0001
3	VRAK	0	0.0328	0.0054	0.0001
3	VELG	0	0.0316	0.0049	0.0001
3	SPILL	5	0.0628	0.0053	0.0465
3	SPILL	1	0.0316	0.0049	0.0001
3	SPILL	2	0.0468	0.0066	0.0111
3	SPILL	3	0.0536	0.0078	0.0148
3	SPILL	11	0.0556	0.0072	0.0199
3	SPILL	1	0.0554	0.0057	0.0001
3	SPILL	2	0.0801	0.0060	0.0404
3	SPILL	4	0.0481	0.0062	0.0143
3	SPILL	10	0.0458	0.0056	0.0146
3	SPILL	2	0.0414	0.0059	0.0075
3	SPILL	2	0.0793	0.0061	0.0420
3	SPILL	4	0.0429	0.0060	0.0135
3	SPILL	9	0.0416	0.0170	0.0125
3	SPILL	2	0.0860	0.0146	0.0401
3	SPILL	9	0.0870	0.0066	0.0240
3	SPILL	4	0.1218	0.0071	0.0839
3	SPILL	8	0.0666	0.0068	0.0297
3	SPILL	1	0.0323	0.0064	0.0002
3	SPILL	3	0.0496	0.0067	0.0118
3	SPILL	3	0.0484	0.0068	0.0128
3	SPILL	7	0.0633	0.0072	0.0286
3	SPILL	3	0.0952	0.0071	0.0623
3	SPILL	2	0.0530	0.0184	0.0096
3	SPILL	3	0.0458	0.0073	0.0116
3	SPILL	6	0.0765	0.0079	0.0263
3	SPILL	2	0.0860	0.0072	0.0374
3	SPILL	1	0.0330	0.0081	0.0001
3	SPILL	2	0.0455	0.0076	0.0079
3	SPILL	5	0.0639	0.0074	0.0254
3	SPILL	1	0.0520	0.0078	0.0001
3	SPILL	5	0.0595	0.0072	0.0200
3	SPILL	1	0.0346	0.0085	0.0001
3	SPILL	4	0.0431	0.0098	0.0097
3	SPILL	4	0.0692	0.0097	0.0108
3	SPILL	4	0.2101	0.0089	0.0707
3	SPILL	2	0.0453	0.0077	0.0073
3	SPILL	3	0.0533	0.0091	0.0137
3	SPILL	3	0.0921	0.0080	0.0496
3	SPILL	3	0.2449	0.0150	0.0125
3	SPILL	3	0.0452	0.0083	0.0093
3	SPILL	2	0.0361	0.0080	0.0033
3	SPILL	2	0.0407	0.0083	0.0056
3	SPILL	2	0.1229	0.0089	0.0338
3	SPILL	1	0.0336	0.0165	0.0001
3	SPILL	1	0.0355	0.0083	0.0001
3	SPILL	1	0.0342	0.0084	0.0000
3	SPILL	1	0.0338	0.0085	0.0000
3	SPILL	1	0.0329	0.0079	0.0001
3	BUD	0	0.0295	0.0045	0.0001
3	BUD	0	0.0298	0.0049	0.0001
3	BUD	0	0.0282	0.0049	0.0001
3	BUD	0	0.0289	0.0046	0.0001
3	BUD	0	0.0272	0.0045	0.0001
3	VRAK	0	0.0320	0.0050	0.0001
3	VELG	0	0.0379	0.0050	0.0002
3	SPILL	5	0.0634	0.0052	0.0245
3	SPILL	1	0.0308	0.0059	0.0001
3	SPILL	2	0.0460	0.0057	0.0096
3	SPILL	2	0.0451	0.0053	0.0097
3	SPILL	11	0.0529	0.0153	0.0171
3	SPILL	1	0.0304	0.0053	0.0001
3	SPILL	1	0.0309	0.0059	0.0001
3	SPILL	4	0.0461	0.0067	0.0105
3	SPILL	10	0.0742	0.0060	0.0353
3	SPILL	2	0.1043	0.0063	0.0393
3	SPILL	10	0.0997	0.0109	0.0602
3	SPILL	10	0.1315	0.0068	0.0623
3	SPILL	9	0.0970	0.0228	0.0297
3	SPILL	1	0.0400	0.0062	0.0001
3	SPILL	9	0.0924	0.0067	0.0615
3	SPILL	9	0.0913	0.0064	0.0532
3	SPILL	8	0.0419	0.0061	0.0091
3	SPILL	3	0.0416	0.0063	0.0080
3	SPILL	2	0.0811	0.0065	0.0409
3	SPILL	8	0.0709	0.0133	0.0247
3	SPILL	7	0.0631	0.0085	0.0139
3	SPILL	2	0.0874	0.0077	0.0393
3	SPILL	1	0.0334	0.0072	0.0001
3	SPILL	4	0.0611	0.0081	0.0338
3	SPILL	6	0.0510	0.0316	0.0124
3	SPILL	1	0.0358	0.0072	0.0002
3	SPILL	6	0.0702	0.0074	0.0268
3	SPILL	3	0.0501	0.0089	0.0120
3	SPILL	5	0.0464	0.0075	0.0099
3	SPILL	5	0.1442	0.0093	0.0968
3	SPILL	5	0.0657	0.0077	0.0454
3	SPILL	2	0.0607	0.0083	0.0065
3	SPILL	4	0.0640	0.0079	0.0062
3	SPILL	1	0.0371	0.0080	0.0001
3	SPILL	4	0.0561	0.0075	0.0177
3	SPILL	4	0.1102	0.0082	0.0694
3	SPILL	3	0.0458	0.0077	0.0044
3	SPILL	3	0.0526	0.0084	0.0109
3	SPILL	1	0.0336	0.0078	0.0001
3	SPILL	1	0.0358	0.0078	0.0001
3	SPILL	2	0.0436	0.0081	0.0035
3	SPILL	2	0.0699	0.0078	0.0059
3	SPILL	2	0.0749	0.0082	0.0346
3	SPILL	2	0.0430	0.0078	0.0056
3	SPILL	1	0.0334	0.0078	0.0001
3	SPILL	1	0.0423	0.0086	0.0002
3	SPILL	1	0.0339	0.0083	0.0001
3	SPILL	1	0.0342	0.0099	0.0001
3	BUD	0	0.0289	0.0078	0.0001
3	BUD	0	0.0374	0.0068	0.0001
3	BUD	0	0.0312	0.0053	0.0001
3	BUD	0	0.0372	0.0055	0.0001
3	VRAK	0	0.0330	0.0067	0.0001
3	VELG	0	0.0332	0.0049	0.0001
3	SPILL	6	0.0731	0.0056	0.0287
3	SPILL	2	0.0501	0.0056	0.0094
3	SPILL	2	0.0479	0.0051	0.0096
3	SPILL	1	0.0588	0.0057	0.0001
3	SPILL	11	0.0531	0.0064	0.0150
3	SPILL	5	0.1351	0.0058	0.0910
3	SPILL	1	0.0305	0.0057	0.0000
3	SPILL	1	0.0310	0.0063	0.0001
3	SPILL	10	0.0893	0.0064	0.0412
3	SPILL	10	0.1031	0.0086	0.0603
3	SPILL	10	0.0958	0.0064	0.0582
3	SPILL	1	0.0306	0.0064	0.0000
3	SPILL	9	0.2885	0.0096	0.0357
3	SPILL	3	0.0471	0.0064	0.0094
3	SPILL	3	0.1006	0.0060	0.0616
3	SPILL	2	0.0415	0.0061	0.0079
3	SPILL	8	0.0400	0.0071	0.0090
3	SPILL	3	0.0916	0.0062	0.0653
3	SPILL	3	0.0430	0.0066	0.0105
3	SPILL	8	0.1810	0.0073	0.1393
3	SPILL	7	0.0419	0.0069	0.0080
3	SPILL	7	0.1613	0.0075	0.1164
3	SPILL	5	0.0585	0.0145	0.0229
3	SPILL	2	0.0424	0.0076	0.0077
3	SPILL	6	0.0639	0.0147	0.0252
3	SPILL	6	0.0665	0.0072	0.0252
3	SPILL	3	0.0422	0.0147	0.0081
3	SPILL	4	0.0559	0.0080	0.0111
3	SPILL	5	0.0398	0.0075	0.0061
3	SPILL	3	0.1015	0.0077	0.0487
3	SPILL	5	0.0568	0.0078	0.0203
3	SPILL	2	0.0430	0.0073	0.0086
3	SPILL	4	0.0368	0.0074	0.0053
3	SPILL	4	0.1056	0.0080	0.0641
3	SPILL	2	0.0442	0.0126	0.0078
3	SPILL	2	0.0447	0.0078	0.0078
3	SPILL	3	0.0512	0.0082	0.0144
3	SPILL	3	0.0548	0.0079	0.0108
3	SPILL	1	0.0328	0.0146	0.0001
3	SPILL	2	0.0795	0.0082	0.0384
3	SPILL	2	0.0487	0.0076	0.0134
3	SPILL	2	0.0437	0.0077	0.0072
3	SPILL	2	0.0436	0.0081	0.0070
3	SPILL	2	0.0693	0.0138	0.0318
3	SPILL	1	0.0329	0.0078	0.0001
3	SPILL	1	0.0339	0.0090	0.0001
3	SPILL	1	0.0328	0.0083	0.0001
3	SPILL	1	0.0327	0.0085	0.0001
3	BUD	0	0.0297	0.0050	0.0001
3	BUD	0	0.0305	0.0050	0.0001
3	BUD	0	0.0422	0.0046	0.0000
3	BUD	0	0.0299	0.0048	0.0001
3	VRAK	0	0.0406	0.0050	0.0001
3	VELG	0	0.0386	0.0058	0.0001
3	SPILL	6	0.0723	0.0058	0.0303
3	SPILL	4	0.0504	0.0053	0.0149
3	SPILL	1	0.0324	0.0054	0.0001
3	SPILL	2	0.0491	0.0056	0.0089
3	SPILL	11	0.0543	0.0055	0.0356
3	SPILL	3	0.0549	0.0067	0.0083
3	SPILL	3	0.0527	0.0063	0.0123
3	SPILL	3	0.1275	0.0064	0.0661
3	SPILL	10	0.0494	0.0235	0.0119
3	SPILL	3	0.0460	0.0061	0.0082
3	SPILL	2	0.0409	0.0066	0.0060
3	SPILL	4	0.0456	0.0061	0.0115
3	SPILL	9	0.0549	0.0058	0.0092
3	SPILL	2	0.0503	0.0069	0.0061
3	SPILL	2	0.0424	0.0065	0.0063
3	SPILL	2	0.0404	0.0066	0.0063
3	SPILL	8	0.0808	0.0061	0.0116
3	SPILL	2	0.0442	0.0064	0.0079
3	SPILL	1	0.0323	0.0066	0.0001
3	SPILL	1	0.0359	0.0069	0.0001
3	SPILL	7	0.0861	0.0175	0.0422
3	SPILL	3	0.0488	0.0074	0.0095
3	SPILL	7	0.1935	0.0173	0.1453
3	SPILL	1	0.0343	0.0075	0.0001
3	SPILL	6	0.0803	0.0077	0.0468
3	SPILL	2	0.0509	0.0078	0.0069
3	SPILL	6	0.1537	0.0072	0.1166
3	SPILL	6	0.0621	0.0075	0.0268
3	SPILL	5	0.0674	0.0073	0.0303
3	SPILL	1	0.0341	0.0073	0.0000
3	SPILL	5	0.1502	0.0082	0.0931
3	SPILL	5	0.0758	0.0079	0.0208
3	SPILL	4	0.2298	0.0096	0.0222
3	SPILL	4	0.0557	0.0078	0.0153
3	SPILL	4	0.1086	0.0074	0.0702
3	SPILL	4	0.0587	0.0078	0.0161
3	SPILL	3	0.0508	0.0076	0.0141
3	SPILL	3	0.0486	0.0079	0.0110
3	SPILL	3	0.1371	0.0091	0.0484
3	SPILL	3	0.0476	0.0077	0.0106
3	SPILL	2	0.0394	0.0086	0.0053
3	SPILL	1	0.0324	0.0097	0.0001
3	SPILL	2	0.0684	0.0080	0.0076
3	SPILL	2	0.0698	0.0089	0.0325
3	SPILL	1	0.0301	0.0078	0.0001
3	SPILL	1	0.0332	0.0082	0.0001
3	SPILL	1	0.0337	0.0082	0.0001
3	SPILL	1	0.0366	0.0082	0.0001
3	BUD	0	0.0303	0.0047	0.0001
3	BUD	0	0.0326	0.0049	0.0001
3	BUD	0	0.0291	0.0047	0.0001
3	BUD	0	0.0358	0.0152	0.0001
3	VRAK	0	0.0354	0.0048	0.0001
3	VELG	0	0.0310	0.0044	0.0001
3	SPILL	7	0.0688	0.0048	0.0318
3	SPILL	2	0.0925	0.0080	0.0092
3	SPILL	1	0.0333	0.0061	0.0001
3	SPILL	2	0.0470	0.0064	0.0094
3	SPILL	11	0.0615	0.0060	0.0188
3	SPILL	1	0.0364	0.0063	0.0001
3	SPILL	6	0.1648	0.0068	0.1117
3	SPILL	1	0.0616	0.0064	0.0001
3	SPILL	10	0.0476	0.0060	0.0108
3	SPILL	5	0.0501	0.0067	0.0132
3	SPILL	3	0.0466	0.0065	0.0122
3	SPILL	10	0.2451	0.0068	0.1945
3	SPILL	9	0.0467	0.0143	0.0095
3	SPILL	3	0.0497	0.0066	0.0120
3	SPILL	2	0.0840	0.0072	0.0387
3	SPILL	4	0.0546	0.0073	0.0173
3	SPILL	8	0.0441	0.0074	0.0089
3	SPILL	2	0.0418	0.0069	0.0060
3	SPILL	8	0.0596	0.0075	0.0198
3	SPILL	2	0.0454	0.0075	0.0080
3	SPILL	7	0.0792	0.0086	0.0639
3	SPILL	7	0.0717	0.0074	0.0336
3	SPILL	7	0.1828	0.0080	0.1390
3	SPILL	7	0.0725	0.0078	0.0327
3	SPILL	6	0.0800	0.0091	0.0339
3	SPILL	6	0.0716	0.0092	0.0264
3	SPILL	6	0.2079	0.0095	0.1269
3	SPILL	6	0.0673	0.0084	0.0264
3	SPILL	5	0.1065	0.0093	0.0242
3	SPILL	5	0.0614	0.0101	0.0202
3	SPILL	5	0.1383	0.0092	0.1149
3	SPILL	5	0.0727	0.0091	0.0194
3	SPILL	4	0.0556	0.0087	0.0174
3	SPILL	1	0.0403	0.0092	0.0001
3	SPILL	1	0.0371	0.0092	0.0001
3	SPILL	1	0.0371	0.0106	0.0001
3	SPILL	3	0.0654	0.0095	0.0044
3	SPILL	3	0.0515	0.0098	0.0122
3	SPILL	2	0.0785	0.0098	0.0366
3	SPILL	1	0.0362	0.0090	0.0001
3	SPILL	2	0.0553	0.0088	0.0136
3	SPILL	2	0.0468	0.0103	0.0075
3	SPILL	2	0.0699	0.0093	0.0332
3	SPILL	2	0.0433	0.0092	0.0072
3	SPILL	1	0.0381	0.0096	0.0001
3	SPILL	1	0.0380	0.0091	0.0001
3	SPILL	1	0.0355	0.0123	0.0001
3	SPILL	1	0.0505	0.0096	0.0001
4	BUD	0	0.0681	0.0083	0.0004
4	BUD	0	0.0331	0.0056	0.0001
4	BUD	0	0.0309	0.0054	0.0001
4	BUD	0	0.0289	0.0053	0.0001
4	VRAK	0	0.0727	0.0063	0.0001
4	VELG	0	0.0318	0.0051	0.0001
4	SPILL	5	0.0740	0.0065	0.0251
4	SPILL	1	0.0360	0.0061	0.0001
4	SPILL	2	0.0492	0.0066	0.0112
4	SPILL	2	0.0449	0.0055	0.0111
4	SPILL	11	0.0539	0.0056	0.0198
4	SPILL	1	0.0321	0.0060	0.0001
4	SPILL	1	0.0338	0.0069	0.0001
4	SPILL	4	0.0508	0.0068	0.0130
4	SPILL	10	0.0722	0.0063	0.0373
4	SPILL	2	0.0751	0.0065	0.0382
4	SPILL	10	0.0965	0.0066	0.0631
4	SPILL	10	0.0978	0.0149	0.0620
4	SPILL	9	0.0721	0.0078	0.0293
4	SPILL	4	0.1311	0.0075	0.0886
4	SPILL	9	0.0993	0.0084	0.0533
4	SPILL	3	0.0522	0.0075	0.0133
4	SPILL	8	0.0697	0.0133	0.0282
4	SPILL	3	0.1000	0.0078	0.0562
4	SPILL	8	0.0794	0.0080	0.0770
4	SPILL	2	0.0645	0.0088	0.0087
4	SPILL	7	0.0475	0.0076	0.0108
4	SPILL	7	0.0728	0.0081	0.0352
4	SPILL	1	0.0364	0.0084	0.0001
4	SPILL	2	0.0496	0.0087	0.0070
4	SPILL	6	0.0634	0.0078	0.0282
4	SPILL	2	0.0798	0.0081	0.0389
4	SPILL	3	0.0492	0.0083	0.0129
4	SPILL	3	0.0490	0.0160	0.0129
4	SPILL	5	0.0434	0.0084	0.0093
4	SPILL	3	0.0443	0.0084	0.0094
4	SPILL	3	0.0984	0.0096	0.0594
4	SPILL	5	0.0581	0.0085	0.0133
4	SPILL	4	0.0537	0.0080	0.0159
4	SPILL	1	0.0351	0.0089	0.0002
4	SPILL	2	0.0480	0.0086	0.0091
4	SPILL	2	0.0439	0.0174	0.0098
4	SPILL	3	0.0519	0.0087	0.0139
4	SPILL	1	0.0376	0.0094	0.0001
4	SPILL	3	0.0509	0.0092	0.0123
4	SPILL	3	0.0491	0.0095	0.0115
4	SPILL	2	0.0530	0.0257	0.0150
4	SPILL	2	0.0809	0.0097	0.0379
4	SPILL	2	0.0570	0.0097	0.0086
4	SPILL	1	0.0350	0.0094	0.0001
4	SPILL	1	0.0364	0.0114	0.0001
4	SPILL	1	0.0358	0.0095	0.0001
4	SPILL	1	0.0574	0.0339	0.0001
4	SPILL	1	0.0454	0.0119	0.0001
4	BUD	0	0.0437	0.0057	0.0002
4	BUD	0	0.0356	0.0051	0.0001
4	BUD	0	0.0300	0.0048	0.0001
4	BUD	0	0.0290	0.0048	0.0001
4	VRAK	0	0.0497	0.0062	0.0001
4	VELG	0	0.0316	0.0071	0.0001
4	SPILL	5	0.0615	0.0053	0.0248
4	SPILL	2	0.0464	0.0050	0.0106
4	SPILL	2	0.0438	0.0052	0.0097
4	SPILL	1	0.0300	0.0053	0.0001
4	SPILL	11	0.0551	0.0052	0.0182
4	SPILL	4	0.1366	0.0069	0.0743
4	SPILL	1	0.0325	0.0056	0.0001
4	SPILL	1	0.0326	0.0059	0.0001
4	SPILL	10	0.0720	0.0058	0.0372
4	SPILL	3	0.0429	0.0060	0.0097
4	SPILL	2	0.0385	0.0076	0.0081
4	SPILL	4	0.0444	0.0062	0.0131
4	SPILL	9	0.0999	0.0065	0.0139
4	SPILL	3	0.1322	0.0076	0.0556
4	SPILL	2	0.0482	0.0059	0.0086
4	SPILL	1	0.0323	0.0067	0.0001
4	SPILL	8	0.7131	0.0127	0.0343
4	SPILL	5	0.0617	0.0068	0.0146
4	SPILL	3	0.1001	0.0066	0.0604
4	SPILL	2	0.0425	0.0069	0.0092
4	SPILL	7	0.0477	0.0066	0.0095
4	SPILL	5	0.1393	0.0069	0.0979
4	SPILL	2	0.0438	0.0072	0.0090
4	SPILL	7	0.0575	0.0078	0.0213
4	SPILL	6	0.0621	0.0066	0.0263
4	SPILL	6	0.0642	0.0073	0.0276
4	SPILL	6	0.0648	0.0074	0.0283
4	SPILL	2	0.0764	0.0074	0.0375
4	SPILL	5	0.0541	0.0073	0.0183
4	SPILL	4	0.0554	0.0075	0.0174
4	SPILL	2	0.0557	0.0094	0.0091
4	SPILL	1	0.0366	0.0082	0.0002
4	SPILL	4	0.0651	0.0083	0.0167
4	SPILL	1	0.0364	0.0085	0.0001
4	SPILL	4	0.0572	0.0083	0.0157
4	SPILL	2	0.1249	0.0168	0.0392
4	SPILL	3	0.0670	0.0116	0.0145
4	SPILL	3	0.0673	0.0097	0.0121
4	SPILL	3	0.0491	0.0082	0.0116
4	SPILL	1	0.0418	0.0079	0.0001
4	SPILL	2	0.0415	0.0080	0.0050
4	SPILL	1	0.0498	0.0095	0.0001
4	SPILL	2	0.0475	0.0156	0.0087
4	SPILL	2	0.0465	0.0093	0.0081
4	SPILL	1	0.0323	0.0081	0.0002
4	SPILL	1	0.0691	0.0085	0.0001
4	SPILL	1	0.0378	0.0090	0.0001
4	SPILL	1	0.0413	0.0087	0.0001
4	BUD	0	0.0300	0.0045	0.0001
4	BUD	0	0.0310	0.0132	0.0001
4	BUD	0	0.0308	0.0049	0.0001
4	BUD	0	0.0286	0.0049	0.0001
4	VRAK	0	0.0322	0.0049	0.0001
4	VELG	0	0.0325	0.0046	0.0002
4	SPILL	6	0.3387	0.0093	0.0287
4	SPILL	1	0.0355	0.0069	0.0001
4	SPILL	12	0.1381	0.0059	0.0989
4	SPILL	2	0.0441	0.0055	0.0103
4	SPILL	11	0.0553	0.0059	0.0188
4	SPILL	11	0.1301	0.0067	0.0715
4	SPILL	1	0.0317	0.0063	0.0001
4	SPILL	5	0.0504	0.0071	0.0140
4	SPILL	10	0.0797	0.0152	0.0428
4	SPILL	1	0.0333	0.0060	0.0001
4	SPILL	2	0.0435	0.0077	0.0073
4	SPILL	5	0.1478	0.0064	0.1067
4	SPILL	9	0.0439	0.0062	0.0117
4	SPILL	2	0.0845	0.0064	0.0430
4	SPILL	9	0.0580	0.0063	0.0229
4	SPILL	4	0.1986	0.0074	0.1535
4	SPILL	8	0.0729	0.0065	0.0388
4	SPILL	8	0.1896	0.0087	0.1477
4	SPILL	1	0.0324	0.0065	0.0001
4	SPILL	4	0.1471	0.0079	0.0893
4	SPILL	7	0.0766	0.0145	0.0106
4	SPILL	1	0.0331	0.0070	0.0001
4	SPILL	7	0.0581	0.0073	0.0177
4	SPILL	2	0.0964	0.0093	0.0417
4	SPILL	6	0.0702	0.0081	0.0269
4	SPILL	3	0.0943	0.0072	0.0504
4	SPILL	6	0.0823	0.0079	0.0281
4	SPILL	6	0.0649	0.0078	0.0271
4	SPILL	5	0.5502	0.0135	0.0187
4	SPILL	5	0.1399	0.0082	0.0906
4	SPILL	5	0.0586	0.0074	0.0211
4	SPILL	2	0.0433	0.0078	0.0088
4	SPILL	4	0.0618	0.0078	0.0162
4	SPILL	4	0.1641	0.0116	0.0987
4	SPILL	4	0.0539	0.0077	0.0160
4	SPILL	1	0.0349	0.0076	0.0002
4	SPILL	3	0.0394	0.0079	0.0047
4	SPILL	1	0.0374	0.0080	0.0001
4	SPILL	3	0.0948	0.0081	0.0534
4	SPILL	3	0.0489	0.0080	0.0123
4	SPILL	2	0.0558	0.0088	0.0130
4	SPILL	2	0.0886	0.0085	0.0387
4	SPILL	2	0.0448	0.0082	0.0080
4	SPILL	2	0.0438	0.0085	0.0084
4	SPILL	1	0.0316	0.0138	0.0001
4	SPILL	1	0.0368	0.0217	0.0002
4	SPILL	1	0.0368	0.0156	0.0001
4	SPILL	1	0.0374	0.0094	0.0001
5	BUD	0	0.0684	0.0068	0.0002
5	BUD	0	0.0313	0.0054	0.0002
5	BUD	0	0.0297	0.0063	0.0001
5	BUD	0	0.0306	0.0048	0.0001
5	BUD	0	0.0427	0.0048	0.0000
5	VRAK	0	0.0295	0.0060	0.0001
5	VELG	0	0.0284	0.0057	0.0001
5	SPILL	7	0.0717	0.0050	0.0338
5	SPILL	1	0.0358	0.0056	0.0001
5	SPILL	3	0.0487	0.0056	0.0139
5	SPILL	1	0.0288	0.0065	0.0001
5	SPILL	11	0.0487	0.0066	0.0172
5	SPILL	6	0.1480	0.0058	0.1099
5	SPILL	11	0.1053	0.0059	0.0727
5	SPILL	2	0.0384	0.0057	0.0077
5	SPILL	10	0.0803	0.0072	0.0461
5	SPILL	1	0.0321	0.0062	0.0001
5	SPILL	5	0.0576	0.0063	0.0239
5	SPILL	3	0.1011	0.0063	0.0667
5	SPILL	9	0.0789	0.0059	0.0446
5	SPILL	9	0.0839	0.0066	0.0511
5	SPILL	4	0.0533	0.0065	0.0111
5	SPILL	2	0.0371	0.0059	0.0073
5	SPILL	8	0.0381	0.0061	0.0112
5	SPILL	1	0.0303	0.0064	0.0001
5	SPILL	8	0.0776	0.0081	0.0418
5	SPILL	3	0.0498	0.0068	0.0102
5	SPILL	7	0.0405	0.0068	0.0107
5	SPILL	7	0.0927	0.0077	0.0372
5	SPILL	5	0.0511	0.0069	0.0185
5	SPILL	7	0.1836	0.0069	0.1436
5	SPILL	6	0.0406	0.0073	0.0083
5	SPILL	6	0.0740	0.0075	0.0341
5	SPILL	6	0.0464	0.0096	0.0137
5	SPILL	6	0.1691	0.0078	0.1298
5	SPILL	5	0.0370	0.0074	0.0074
5	SPILL	5	0.0575	0.0076	0.0218
5	SPILL	5	0.0449	0.0074	0.0129
5	SPILL	5	0.0959	0.0075	0.0215
5	SPILL	4	0.0727	0.0077	0.0291
5	SPILL	4	0.0492	0.0075	0.0160
5	SPILL	4	0.0492	0.0074	0.0155
5	SPILL	4	0.1157	0.0084	0.0793
5	SPILL	3	0.0623	0.0098	0.0234
5	SPILL	3	0.0471	0.0079	0.0123
5	SPILL	3	0.0507	0.0092	0.0123
5	SPILL	3	0.0944	0.0083	0.0537
5	SPILL	2	0.0485	0.0077	0.0134
5	SPILL	2	0.0413	0.0083	0.0084
5	SPILL	2	0.0623	0.0083	0.0080
5	SPILL	2	0.0860	0.0083	0.0322
5	SPILL	1	0.0306	0.0092	0.0001
5	SPILL	1	0.0320	0.0087	0.0001
5	SPILL	1	0.0322	0.0088	0.0001
5	SPILL	1	0.0315	0.0096	0.0001
5	BUD	0	0.0280	0.0047	0.0000
5	BUD	0	0.0294	0.0050	0.0001
5	BUD	0	0.0269	0.0045	0.0001
5	BUD	0	0.0269	0.0048	0.0001
5	VRAK	0	0.0306	0.0049	0.0001
5	VELG	0	0.0299	0.0044	0.0002
5	SPILL	8	0.0745	0.0048	0.0400
5	SPILL	2	0.0438	0.0061	0.0093
5	SPILL	1	0.0291	0.0060	0.0001
5	SPILL	1	0.0298	0.0053	0.0001
5	SPILL	11	0.0487	0.0054	0.0179
5	SPILL	11	0.1020	0.0059	0.0708
5	SPILL	7	0.1730	0.0063	0.1326
5	SPILL	1	0.0338	0.0057	0.0001
5	SPILL	10	0.0881	0.0059	0.0508
5	SPILL	10	0.0933	0.0062	0.0593
5	SPILL	10	0.2902	0.0064	0.2600
5	SPILL	10	0.0988	0.0075	0.0624
5	SPILL	9	0.0810	0.0069	0.0456
5	SPILL	9	0.0845	0.0064	0.0518
5	SPILL	9	0.2555	0.0065	0.2188
5	SPILL	9	0.0833	0.0065	0.0509
5	SPILL	8	0.0733	0.0073	0.0394
5	SPILL	8	0.0760	0.0067	0.0409
5	SPILL	8	0.2449	0.0077	0.1822
5	SPILL	8	0.0758	0.0089	0.0505
5	SPILL	7	0.0723	0.0075	0.0320
5	SPILL	2	0.0413	0.0076	0.0069
5	SPILL	2	0.0395	0.0072	0.0086
5	SPILL	3	0.1026	0.0073	0.0671
5	SPILL	6	0.0402	0.0075	0.0078
5	SPILL	1	0.0322	0.0073	0.0001
5	SPILL	2	0.0807	0.0074	0.0400
5	SPILL	2	0.0419	0.0078	0.0084
5	SPILL	5	0.0371	0.0076	0.0069
5	SPILL	2	0.0416	0.0078	0.0082
5	SPILL	1	0.0306	0.0085	0.0001
5	SPILL	5	0.0499	0.0077	0.0135
5	SPILL	4	0.5509	0.0113	0.0229
5	SPILL	4	0.0534	0.0086	0.0144
5	SPILL	4	0.1138	0.0079	0.0768
5	SPILL	4	0.0470	0.0083	0.0144
5	SPILL	3	0.0468	0.0073	0.0146
5	SPILL	3	0.0518	0.0079	0.0106
5	SPILL	3	0.0929	0.0083	0.0553
5	SPILL	1	0.0317	0.0079	0.0001
5	SPILL	2	0.0490	0.0081	0.0133
5	SPILL	2	0.0420	0.0084	0.0076
5	SPILL	2	0.0674	0.0095	0.0321
5	SPILL	2	0.0415	0.0084	0.0072
5	SPILL	1	0.0315	0.0079	0.0002
5	SPILL	1	0.0339	0.0096	0.0001
5	SPILL	1	0.0310	0.0087	0.0001
5	SPILL	1	0.0306	0.0089	0.0001
5	BUD	0	0.0268	0.0066	0.0001
5	BUD	0	0.0296	0.0054	0.0001
5	BUD	0	0.0281	0.0048	0.0001
5	BUD	0	0.0255	0.0047	0.0001
5	BUD	0	0.0250	0.0047	0.0001
5	BUD	0	0.0275	0.0043	0.0001
5	VRAK	0	0.0286	0.0050	0.0001
5	VELG	0	0.0280	0.0065	0.0001
5	SPILL	7	0.0688	0.0056	0.0314
5	SPILL	1	0.0519	0.0056	0.0001
5	SPILL	3	0.0471	0.0055	0.0137
5	SPILL	12	0.1138	0.0052	0.0781
5	SPILL	11	0.0495	0.0055	0.0189
5	SPILL	2	0.0388	0.0059	0.0069
5	SPILL	11	0.2947	0.0071	0.2452
5	SPILL	6	0.0516	0.0056	0.0181
5	SPILL	10	0.0810	0.0064	0.0479
5	SPILL	1	0.0307	0.0076	0.0001
5	SPILL	1	0.0309	0.0064	0.0001
5	SPILL	10	0.0889	0.0068	0.0511
5	SPILL	9	0.0820	0.0074	0.0410
5	SPILL	9	0.2239	0.0063	0.1849
5	SPILL	9	0.0758	0.0064	0.0448
5	SPILL	9	0.0832	0.0075	0.0460
5	SPILL	8	0.0677	0.0066	0.0344
5	SPILL	8	0.2258	0.0071	0.1736
5	SPILL	8	0.0690	0.0068	0.0368
5	SPILL	8	0.0723	0.0086	0.0374
5	SPILL	7	0.0637	0.0073	0.0281
5	SPILL	2	0.0778	0.0075	0.0392
5	SPILL	1	0.0317	0.0069	0.0001
5	SPILL	3	0.1015	0.0092	0.0639
5	SPILL	6	0.0395	0.0085	0.0088
5	SPILL	4	0.1318	0.0092	0.0788
5	SPILL	6	0.0545	0.0084	0.0166
5	SPILL	6	0.1556	0.0085	0.1114
5	SPILL	5	0.0573	0.0080	0.0180
5	SPILL	1	0.0343	0.0076	0.0002
5	SPILL	5	0.0608	0.0077	0.0185
5	SPILL	2	0.0547	0.0094	0.0083
5	SPILL	4	0.0584	0.0085	0.0172
5	SPILL	4	0.1175	0.0083	0.0736
5	SPILL	4	0.0821	0.0095	0.0149
5	SPILL	1	0.0339	0.0083	0.0002
5	SPILL	3	0.2175	0.0113	0.0051
5	SPILL	3	0.0462	0.0075	0.0083
5	SPILL	3	0.0861	0.0079	0.0481
5	SPILL	3	0.0445	0.0078	0.0105
5	SPILL	2	0.0382	0.0074	0.0058
5	SPILL	2	0.0697	0.0081	0.0319
5	SPILL	2	0.0416	0.0085	0.0090
5	SPILL	2	0.0409	0.0082	0.0084
5	SPILL	1	0.0326	0.0083	0.0001
5	SPILL	1	0.0324	0.0083	0.0000
5	SPILL	1	0.0333	0.0084	0.0001
5	SPILL	1	0.0327	0.0099	0.0001
5	BUD	0	0.0292	0.0048	0.0001
5	BUD	0	0.0318	0.0053	0.0001
5	BUD	0	0.0285	0.0061	0.0001
5	BUD	0	0.0287	0.0047	0.0001
5	BUD	0	0.0268	0.0048	0.0001
5	VRAK	0	0.0312	0.0052	0.0001
5	VELG	0	0.0343	0.0053	0.0001
5	SPILL	7	0.0761	0.0070	0.0363
5	SPILL	12	0.1165	0.0052	0.0801
5	SPILL	1	0.0323	0.0058	0.0001
5	SPILL	3	0.0614	0.0087	0.0166
5	SPILL	11	0.0534	0.0055	0.0186
5	SPILL	2	0.0394	0.0053	0.0075
5	SPILL	6	0.1724	0.0072	0.1227
5	SPILL	11	0.0926	0.0065	0.0598
5	SPILL	10	0.0443	0.0056	0.0136
5	SPILL	4	0.0512	0.0060	0.0171
5	SPILL	10	0.2300	0.0064	0.1896
5	SPILL	3	0.0438	0.0171	0.0122
5	SPILL	9	0.0451	0.0060	0.0144
5	SPILL	2	0.0386	0.0058	0.0072
5	SPILL	4	0.0453	0.0066	0.0111
5	SPILL	2	0.0387	0.0064	0.0073
5	SPILL	8	0.0486	0.0065	0.0110
5	SPILL	2	0.0414	0.0068	0.0085
5	SPILL	3	0.0967	0.0069	0.0608
5	SPILL	8	0.0509	0.0069	0.0195
5	SPILL	7	0.0727	0.0070	0.0644
5	SPILL	1	0.0332	0.0072	0.0001
5	SPILL	2	0.0827	0.0088	0.0395
5	SPILL	1	0.0316	0.0071	0.0001
5	SPILL	6	0.0431	0.0070	0.0091
5	SPILL	3	0.0417	0.0083	0.0088
5	SPILL	6	0.0474	0.0072	0.0142
5	SPILL	2	0.0414	0.0073	0.0081
5	SPILL	5	0.0690	0.0081	0.0292
5	SPILL	5	0.0602	0.0074	0.0195
5	SPILL	1	0.0337	0.0074	0.0001
5	SPILL	1	0.0333	0.0074	0.0001
5	SPILL	4	0.0599	0.0075	0.0224
5	SPILL	4	0.0500	0.0075	0.0142
5	SPILL	1	0.0329	0.0079	0.0001
5	SPILL	4	0.0600	0.0079	0.0152
5	SPILL	3	0.0454	0.0090	0.0052
5	SPILL	1	0.0485	0.0104	0.0001
5	SPILL	3	0.0834	0.0104	0.0084
5	SPILL	2	0.0510	0.0091	0.0082
5	SPILL	2	0.0528	0.0085	0.0144
5	SPILL	2	0.0441	0.0083	0.0076
5	SPILL	2	0.0708	0.0086	0.0313
5	SPILL	2	0.0423	0.0083	0.0076
5	SPILL	1	0.0322	0.0085	0.0002
5	SPILL	1	0.0342	0.0093	0.0001
5	SPILL	1	0.0336	0.0086	0.0001
5	SPILL	1	0.0361	0.0090	0.0001
5	BUD	0	0.0388	0.0066	0.0001
5	BUD	0	0.0309	0.0055	0.0001
5	BUD	0	0.0327	0.0086	0.0002
5	BUD	0	0.0293	0.0046	0.0002
5	BUD	0	0.0312	0.0045	0.0001
5	VRAK	0	0.0385	0.0052	0.0001
5	VELG	0	0.0325	0.0051	0.0001
5	SPILL	6	0.0661	0.0052	0.0314
5	SPILL	2	0.0449	0.0059	0.0098
5	SPILL	1	0.0452	0.0065	0.0001
5	SPILL	2	0.0451	0.0055	0.0106
5	SPILL	11	0.0512	0.0055	0.0186
5	SPILL	1	0.0304	0.0077	0.0001
5	SPILL	5	0.0467	0.0057	0.0136
5	SPILL	1	0.0303	0.0059	0.0001
5	SPILL	10	0.0780	0.0059	0.0435
5	SPILL	10	0.0825	0.0058	0.2566
5	SPILL	1	0.0377	0.0077	0.0001
5	SPILL	10	0.0911	0.0069	0.0514
5	SPILL	9	0.0710	0.0062	0.0356
5	SPILL	5	0.0448	0.0061	0.0140
5	SPILL	4	0.0421	0.0065	0.0131
5	SPILL	2	0.0403	0.0064	0.0081
5	SPILL	8	0.0407	0.0061	0.0117
5	SPILL	3	0.0416	0.0067	0.0101
5	SPILL	5	0.0453	0.0069	0.0140
5	SPILL	1	0.0299	0.0073	0.0001
5	SPILL	7	0.0414	0.0068	0.0099
5	SPILL	3	0.0419	0.0075	0.0117
5	SPILL	1	0.0305	0.0084	0.0001
5	SPILL	7	0.1688	0.0076	0.1245
5	SPILL	6	0.0390	0.0072	0.0092
5	SPILL	2	0.0410	0.0073	0.0071
5	SPILL	3	0.0497	0.0073	0.0106
5	SPILL	6	0.0587	0.0145	0.0245
5	SPILL	5	0.0648	0.0070	0.0288
5	SPILL	5	0.0608	0.0075	0.0189
5	SPILL	5	0.1391	0.0083	0.0971
5	SPILL	5	0.0526	0.0150	0.0204
5	SPILL	4	0.0635	0.0079	0.0212
5	SPILL	4	0.0503	0.0077	0.0149
5	SPILL	4	0.1277	0.0078	0.0772
5	SPILL	4	0.0477	0.0087	0.0143
5	SPILL	3	0.0485	0.0078	0.0149
5	SPILL	3	0.0454	0.0082	0.0109
5	SPILL	2	0.0756	0.0085	0.0373
5	SPILL	3	0.0451	0.0084	0.0108
5	SPILL	2	0.0477	0.0085	0.0144
5	SPILL	2	0.0415	0.0159	0.0076
5	SPILL	2	0.0898	0.0088	0.0317
5	SPILL	2	0.0420	0.0084	0.0083
5	SPILL	1	0.0314	0.0084	0.0001
5	SPILL	1	0.0334	0.0090	0.0001
5	SPILL	1	0.0343	0.0093	0.0001
5	SPILL	1	0.0546	0.0126	0.0002
5	BUD	0	0.0315	0.0050	0.0001
5	BUD	0	0.0342	0.0052	0.0002
5	BUD	0	0.0305	0.0050	0.0001
5	BUD	0	0.0271	0.0044	0.0001
5	VRAK	0	0.0315	0.0050	0.0001
5	VELG	0	0.0647	0.0065	0.0001
5	SPILL	6	0.0683	0.0054	0.0293
5	SPILL	1	0.0350	0.0052	0.0001
5	SPILL	12	0.1423	0.0125	0.0824
5	SPILL	1	0.0301	0.0052	0.0001
5	SPILL	11	0.0997	0.0064	0.0265
5	SPILL	11	0.0922	0.0062	0.0549
5	SPILL	11	0.0900	0.0058	0.0599
5	SPILL	5	0.1391	0.0064	0.0988
5	SPILL	10	0.0888	0.0058	0.0440
5	SPILL	4	0.1227	0.0070	0.0786
5	SPILL	10	0.0835	0.0084	0.0537
5	SPILL	10	0.0828	0.0064	0.0502
5	SPILL	9	0.0715	0.0066	0.0368
5	SPILL	3	0.0890	0.0065	0.0548
5	SPILL	9	0.0800	0.0065	0.0417
5	SPILL	9	0.0768	0.0065	0.0440
5	SPILL	8	0.0625	0.0064	0.0287
5	SPILL	2	0.0743	0.0064	0.0388
5	SPILL	1	0.0308	0.0064	0.0001
5	SPILL	2	0.0430	0.0068	0.0086
5	SPILL	7	0.0442	0.0081	0.0126
5	SPILL	4	0.0441	0.0071	0.0125
5	SPILL	4	0.1301	0.0085	0.0816
5	SPILL	3	0.2671	0.0142	0.0094
5	SPILL	6	0.0649	0.0076	0.0265
5	SPILL	1	0.0324	0.0074	0.0001
5	SPILL	6	0.0676	0.0077	0.0240
5	SPILL	1	0.0327	0.0076	0.0001
5	SPILL	5	0.0616	0.0074	0.0248
5	SPILL	5	0.1358	0.0083	0.1074
5	SPILL	5	0.0534	0.0077	0.0195
5	SPILL	5	0.0519	0.0074	0.0198
5	SPILL	4	0.0605	0.0079	0.0241
5	SPILL	1	0.0338	0.0082	0.0001
5	SPILL	2	0.0468	0.0080	0.0084
5	SPILL	3	0.0448	0.0076	0.0123
5	SPILL	3	0.0553	0.0075	0.0215
5	SPILL	3	0.0906	0.0076	0.0493
5	SPILL	1	0.0331	0.0084	0.0001
5	SPILL	2	0.0487	0.0084	0.0085
5	SPILL	2	0.0388	0.0078	0.0050
5	SPILL	2	0.0413	0.0079	0.0083
5	SPILL	1	0.0314	0.0079	0.0001
5	SPILL	2	0.0756	0.0081	0.0333
5	SPILL	1	0.0320	0.0085	0.0001
5	SPILL	1	0.0322	0.0084	0.0001
5	SPILL	1	0.0328	0.0099	0.0001
5	SPILL	1	0.0326	0.0086	0.0001
6	BUD	0	0.0348	0.0053	0.0001
6	BUD	0	0.0363	0.0057	0.0001
6	BUD	0	0.0309	0.0062	0.0001
6	BUD	0	0.0297	0.0047	0.0001
6	BUD	0	0.0317	0.0047	0.0001
6	BUD	0	0.0288	0.0046	0.0001
6	VRAK	0	0.0315	0.0061	0.0001
6	VELG	0	0.0278	0.0048	0.0001
6	SPILL	9	0.0838	0.0053	0.0486
6	SPILL	1	0.0300	0.0067	0.0001
6	SPILL	1	0.0293	0.0062	0.0001
6	SPILL	2	0.0403	0.0054	0.0086
6	SPILL	11	0.0469	0.0061	0.0164
6	SPILL	3	0.0503	0.0063	0.0097
6	SPILL	11	0.0620	0.0058	0.0249
6	SPILL	6	0.0617	0.0057	0.0274
6	SPILL	10	0.0926	0.0061	0.0572
6	SPILL	10	0.0824	0.0063	0.0489
6	SPILL	10	0.2759	0.0080	0.2136
6	SPILL	1	0.0324	0.0078	0.0002
6	SPILL	9	0.1169	0.0083	0.0541
6	SPILL	9	0.0853	0.0065	0.0430
6	SPILL	9	0.2300	0.0073	0.1862
6	SPILL	9	0.0809	0.0073	0.0438
6	SPILL	8	0.0827	0.0082	0.0452
6	SPILL	8	0.0764	0.0067	0.0357
6	SPILL	8	0.2159	0.0070	0.1768
6	SPILL	8	0.0709	0.0072	0.0361
6	SPILL	7	0.0722	0.0067	0.0380
6	SPILL	7	0.0669	0.0078	0.0307
6	SPILL	7	0.2282	0.0084	0.1467
6	SPILL	7	0.0641	0.0068	0.0290
6	SPILL	6	1.4369	0.0122	0.0337
6	SPILL	6	0.0627	0.0074	0.0242
6	SPILL	6	0.1765	0.0079	0.1196
6	SPILL	6	0.0681	0.0086	0.0262
6	SPILL	5	0.0633	0.0077	0.0242
6	SPILL	5	0.0562	0.0075	0.0193
6	SPILL	1	0.0410	0.0103	0.0001
6	SPILL	2	0.0497	0.0097	0.0076
6	SPILL	4	0.0397	0.0077	0.0063
6	SPILL	2	0.0425	0.0080	0.0067
6	SPILL	4	0.0488	0.0090	0.0146
6	SPILL	4	0.1146	0.0164	0.0768
6	SPILL	3	0.0574	0.0080	0.0221
6	SPILL	3	0.0439	0.0080	0.0103
6	SPILL	3	0.0937	0.0078	0.0568
6	SPILL	3	0.0506	0.0076	0.0109
6	SPILL	2	0.0537	0.0078	0.0184
6	SPILL	2	0.0415	0.0083	0.0078
6	SPILL	2	0.0658	0.0076	0.0323
6	SPILL	2	0.0391	0.0082	0.0073
6	SPILL	1	0.0314	0.0081	0.0000
6	SPILL	1	0.0319	0.0086	0.0001
6	SPILL	1	0.0383	0.0088	0.0001
6	SPILL	1	0.0332	0.0084	0.0001
6	BUD	0	0.0277	0.0046	0.0001
6	BUD	0	0.0293	0.0049	0.0002
6	BUD	0	0.0450	0.0102	0.0002
6	BUD	0	0.0301	0.0053	0.0001
6	BUD	0	0.0286	0.0050	0.0001
6	BUD	0	0.0290	0.0051	0.0001
6	VRAK	0	0.0379	0.0059	0.0001
6	VELG	0	0.0299	0.0050	0.0001
6	SPILL	6	0.0680	0.0053	0.0310
6	SPILL	2	0.0684	0.0055	0.0086
6	SPILL	3	0.0449	0.0051	0.0133
6	SPILL	1	0.0311	0.0054	0.0001
6	SPILL	11	0.0497	0.0120	0.0181
6	SPILL	5	0.1306	0.0058	0.0909
6	SPILL	1	0.0389	0.0056	0.0001
6	SPILL	2	0.0422	0.0058	0.0078
6	SPILL	10	0.0758	0.0058	0.0415
6	SPILL	4	0.0419	0.0055	0.0113
6	SPILL	2	0.0461	0.0058	0.0067
6	SPILL	2	0.0647	0.0063	0.0068
6	SPILL	9	0.0439	0.0071	0.0117
6	SPILL	9	0.1951	0.0065	0.1561
6	SPILL	2	0.0398	0.0063	0.0079
6	SPILL	4	0.0481	0.0249	0.0167
6	SPILL	8	0.0694	0.0066	0.0323
6	SPILL	8	0.0922	0.0065	0.0352
6	SPILL	1	0.0320	0.0071	0.0001
6	SPILL	8	0.2016	0.0074	0.1588
6	SPILL	7	0.0727	0.0069	0.0270
6	SPILL	3	0.0538	0.0074	0.0087
6	SPILL	1	0.0307	0.0070	0.0001
6	SPILL	1	0.0324	0.0074	0.0001
6	SPILL	6	0.0417	0.0074	0.0085
6	SPILL	6	0.1633	0.0088	0.1116
6	SPILL	6	0.0635	0.0193	0.0262
6	SPILL	3	0.0495	0.0087	0.0089
6	SPILL	5	0.0609	0.0074	0.0238
6	SPILL	1	0.0416	0.0077	0.0001
6	SPILL	5	0.0583	0.0080	0.0194
6	SPILL	5	0.1351	0.0082	0.1340
6	SPILL	4	0.0792	0.0085	0.0289
6	SPILL	4	0.0693	0.0135	0.0197
6	SPILL	4	0.0605	0.0113	0.0218
6	SPILL	4	0.1378	0.0095	0.0853
6	SPILL	3	0.0651	0.0193	0.0201
6	SPILL	3	0.0611	0.0136	0.0128
6	SPILL	3	0.0553	0.0093	0.0138
6	SPILL	3	0.1186	0.0096	0.0712
6	SPILL	2	0.0776	0.0086	0.0063
6	SPILL	2	0.0741	0.0094	0.0088
6	SPILL	2	0.0483	0.0098	0.0108
6	SPILL	2	0.1333	0.0104	0.0438
6	SPILL	1	0.0400	0.0123	0.0001
6	SPILL	1	0.0490	0.0104	0.0001
6	SPILL	1	0.0433	0.0142	0.0001
6	SPILL	1	0.0419	0.0125	0.0001
7	BUD	0	0.0396	0.0057	0.0001
7	BUD	0	0.0319	0.0054	0.0001
7	BUD	0	0.0327	0.0067	0.0001
7	BUD	0	0.0340	0.0053	0.0001
7	BUD	0	0.0310	0.0048	0.0001
7	BUD	0	0.0275	0.0058	0.0001
7	VRAK	0	0.0373	0.0057	0.0001
7	VELG	0	0.0367	0.0050	0.0001
7	SPILL	6	0.0781	0.0060	0.0599
7	SPILL	1	0.0370	0.0061	0.0001
7	SPILL	1	0.0307	0.0088	0.0002
7	SPILL	2	0.0467	0.0073	0.0124
7	SPILL	11	0.0619	0.0133	0.0218
7	SPILL	11	0.1045	0.0059	0.0716
7	SPILL	1	0.0333	0.0063	0.0001
7	SPILL	5	0.0654	0.0105	0.0145
7	SPILL	10	0.0931	0.0069	0.0524
7	SPILL	4	0.1398	0.0067	0.0983
7	SPILL	3	0.0487	0.0070	0.0143
7	SPILL	2	0.0505	0.0067	0.0082
7	SPILL	9	0.0471	0.0068	0.0201
7	SPILL	4	0.0720	0.0062	0.0183
7	SPILL	3	0.0522	0.0084	0.0161
7	SPILL	9	0.2535	0.0087	0.2049
7	SPILL	8	0.0584	0.0182	0.0235
7	SPILL	8	0.0825	0.0095	0.0419
7	SPILL	8	0.1042	0.0082	0.0477
7	SPILL	4	0.1434	0.0084	0.0972
7	SPILL	7	0.0496	0.0081	0.0190
7	SPILL	7	0.0750	0.0103	0.0389
7	SPILL	7	0.0775	0.0085	0.0407
7	SPILL	3	0.1050	0.0082	0.0714
7	SPILL	6	0.0471	0.0250	0.0148
7	SPILL	2	0.0516	0.0082	0.0115
7	SPILL	1	0.0365	0.0078	0.0002
7	SPILL	6	0.1778	0.0110	0.1278
7	SPILL	5	0.0700	0.0085	0.0094
7	SPILL	1	0.0364	0.0106	0.0001
7	SPILL	1	0.0430	0.0085	0.0001
7	SPILL	1	0.0404	0.0087	0.0001
7	SPILL	4	0.0459	0.0120	0.0101
7	SPILL	4	0.0776	0.0125	0.0189
7	SPILL	4	0.0664	0.0088	0.0189
7	SPILL	4	0.1260	0.0112	0.0784
7	SPILL	3	0.0413	0.0094	0.0057
7	SPILL	3	0.0576	0.0111	0.0190
7	SPILL	3	0.0536	0.0136	0.0120
7	SPILL	3	0.1105	0.0097	0.0608
7	SPILL	2	0.0405	0.0087	0.0047
7	SPILL	2	0.0530	0.0135	0.0126
7	SPILL	2	0.0484	0.0095	0.0087
7	SPILL	2	0.0856	0.0095	0.0356
7	SPILL	1	0.0360	0.0118	0.0001
7	SPILL	1	0.0429	0.0101	0.0001
7	SPILL	1	0.0442	0.0122	0.0001
7	SPILL	1	0.0378	0.0134	0.0002
7	BUD	0	0.0330	0.0049	0.0001
7	BUD	0	0.0354	0.0053	0.0002
7	BUD	0	0.0299	0.0048	0.0001
7	BUD	0	0.0281	0.0045	0.0001
7	VRAK	0	0.0312	0.0052	0.0001
7	VELG	0	0.0274	0.0045	0.0001
7	SPILL	6	0.0620	0.0046	0.0274
7	SPILL	1	0.0301	0.0062	0.0001
7	SPILL	1	0.0277	0.0050	0.0001
7	SPILL	5	0.0633	0.0056	0.0202
7	SPILL	11	0.0804	0.0093	0.0174
7	SPILL	1	0.0315	0.0064	0.0001
7	SPILL	11	0.2486	0.0078	0.2065
7	SPILL	6	0.1122	0.0099	0.0291
7	SPILL	10	0.0799	0.0070	0.0421
7	SPILL	10	0.0855	0.0069	0.0485
7	SPILL	10	0.2470	0.0077	0.2094
7	SPILL	4	0.0480	0.0071	0.0147
7	SPILL	9	0.0723	0.0066	0.0353
7	SPILL	9	0.0772	0.0072	0.0426
7	SPILL	9	0.2196	0.0075	0.1836
7	SPILL	3	0.0422	0.0073	0.0102
7	SPILL	8	0.0639	0.0071	0.0291
7	SPILL	2	0.0442	0.0075	0.0081
7	SPILL	2	0.0753	0.0072	0.0401
7	SPILL	2	0.0411	0.0073	0.0083
7	SPILL	7	0.0419	0.0071	0.0103
7	SPILL	4	0.0522	0.0116	0.0122
7	SPILL	7	0.0583	0.0079	0.0163
7	SPILL	3	0.0464	0.0074	0.0119
7	SPILL	6	0.0540	0.0074	0.0195
7	SPILL	1	0.0334	0.0078	0.0001
7	SPILL	1	0.0333	0.0150	0.0001
7	SPILL	1	0.0395	0.0083	0.0001
7	SPILL	5	0.0559	0.0083	0.0177
7	SPILL	5	0.0559	0.0083	0.0189
7	SPILL	5	0.1333	0.0090	0.0949
7	SPILL	5	0.0479	0.0085	0.0127
7	SPILL	4	0.0506	0.0096	0.0167
7	SPILL	4	0.0510	0.0090	0.0150
7	SPILL	4	0.1023	0.0089	0.0681
7	SPILL	2	0.0416	0.0091	0.0076
7	SPILL	3	0.0410	0.0170	0.0076
7	SPILL	3	0.0477	0.0088	0.0108
7	SPILL	3	0.1006	0.0092	0.0534
7	SPILL	3	0.0428	0.0092	0.0090
7	SPILL	2	0.0382	0.0089	0.0070
7	SPILL	2	0.0535	0.0094	0.0077
7	SPILL	2	0.0833	0.0108	0.0349
7	SPILL	2	0.0410	0.0205	0.0070
7	SPILL	1	0.0307	0.0089	0.0001
7	SPILL	1	0.0367	0.0092	0.0001
7	SPILL	1	0.0346	0.0115	0.0001
7	SPILL	1	0.0586	0.0105	0.0001
7	BUD	0	0.0495	0.0062	0.0001
7	BUD	0	0.0309	0.0048	0.0001
7	BUD	0	0.0294	0.0054	0.0001
7	BUD	0	0.0288	0.0049	0.0001
7	BUD	0	0.0292	0.0046	0.0001
7	VRAK	0	0.0305	0.0051	0.0001
7	VELG	0	0.0407	0.0071	0.0001
7	SPILL	5	0.0685	0.0055	0.0346
7	SPILL	2	0.0557	0.0065	0.0097
7	SPILL	2	0.0472	0.0089	0.0088
7	SPILL	1	0.0374	0.0109	0.0001
7	SPILL	11	0.0678	0.0066	0.0317
7	SPILL	4	0.1510	0.0078	0.1019
7	SPILL	1	0.0370	0.0073	0.0001
7	SPILL	1	0.0385	0.0086	0.0001
7	SPILL	10	0.0955	0.0073	0.0569
7	SPILL	2	0.0462	0.0070	0.0083
7	SPILL	4	0.1564	0.0098	0.1093
7	SPILL	3	0.0530	0.0068	0.0160
7	SPILL	9	0.0583	0.0072	0.0188
7	SPILL	3	0.1189	0.0075	0.0689
7	SPILL	1	0.0375	0.0074	0.0001
7	SPILL	3	0.0558	0.0078	0.0140
7	SPILL	8	0.0968	0.0080	0.0458
7	SPILL	8	0.0900	0.0085	0.0486
7	SPILL	8	0.0820	0.0083	0.0527
7	SPILL	2	0.0844	0.0088	0.0536
7	SPILL	7	0.0767	0.0098	0.0412
7	SPILL	4	0.0596	0.0084	0.0217
7	SPILL	2	0.0507	0.0082	0.0116
7	SPILL	3	0.1229	0.0091	0.0740
7	SPILL	6	0.0818	0.0082	0.0344
7	SPILL	3	0.0552	0.0087	0.0139
7	SPILL	1	0.0473	0.0082	0.0002
7	SPILL	2	0.0678	0.0150	0.0093
7	SPILL	5	0.0496	0.0088	0.0090
7	SPILL	1	0.0456	0.0126	0.0001
7	SPILL	2	0.0934	0.0115	0.0558
7	SPILL	5	0.0656	0.0094	0.0310
7	SPILL	4	0.0465	0.0093	0.0086
7	SPILL	1	0.0411	0.0124	0.0001
7	SPILL	2	0.0547	0.0124	0.0096
7	SPILL	4	0.0635	0.0123	0.0233
7	SPILL	3	0.0694	0.0092	0.0336
7	SPILL	3	0.0531	0.0100	0.0151
7	SPILL	3	0.0591	0.0126	0.0129
7	SPILL	1	0.0388	0.0097	0.0001
7	SPILL	2	0.0694	0.0141	0.0152
7	SPILL	2	0.0492	0.0095	0.0085
7	SPILL	2	0.0617	0.0106	0.0111
7	SPILL	2	0.0878	0.0128	0.0422
7	SPILL	1	0.0388	0.0103	0.0001
7	SPILL	1	0.0483	0.0136	0.0001
7	SPILL	1	0.0435	0.0274	0.0001
7	SPILL	1	0.0434	0.0137	0.0001
8	BUD	0	0.0414	0.0061	0.0001
8	BUD	0	0.0372	0.0060	0.0001
8	BUD	0	0.0340	0.0056	0.0001
8	BUD	0	0.0323	0.0052	0.0001
8	BUD	0	0.0415	0.0053	0.0001
8	BUD	0	0.0263	0.0050	0.0001
8	VRAK	0	0.0384	0.0054	0.0001
8	VELG	0	0.0373	0.0050	0.0001
8	SPILL	6	0.0801	0.0080	0.0330
8	SPILL	1	0.0547	0.0058	0.0001
8	SPILL	3	0.0618	0.0076	0.0176
8	SPILL	2	0.0462	0.0057	0.0108
8	SPILL	11	0.0695	0.0062	0.0204
8	SPILL	2	0.0418	0.0056	0.0067
8	SPILL	1	0.0339	0.0078	0.0002
8	SPILL	5	0.0536	0.0067	0.0171
8	SPILL	10	0.1066	0.0065	0.0529
8	SPILL	10	0.3342	0.0072	0.3040
8	SPILL	1	0.0352	0.0067	0.0001
8	SPILL	10	0.1244	0.0073	0.0818
8	SPILL	9	0.0880	0.0129	0.0739
8	SPILL	9	0.3349	0.0085	0.2541
8	SPILL	9	0.0961	0.0084	0.0580
8	SPILL	9	0.1008	0.0072	0.8280
8	SPILL	8	0.0815	0.0092	0.0478
8	SPILL	3	0.0989	0.0077	0.0589
8	SPILL	3	0.0441	0.0072	0.0115
8	SPILL	3	0.0441	0.0076	0.0138
8	SPILL	7	0.0841	0.0071	0.0300
8	SPILL	7	0.1743	0.0074	0.1661
8	SPILL	7	0.0626	0.0074	0.0289
8	SPILL	7	0.0625	0.1174	0.0314
8	SPILL	6	0.0551	0.0067	0.0203
8	SPILL	1	0.0320	0.0077	0.0001
8	SPILL	1	0.0319	0.0071	0.0001
8	SPILL	3	0.0472	0.0079	0.0126
8	SPILL	5	0.0503	0.0071	0.0185
8	SPILL	5	0.1373	0.0074	0.0951
8	SPILL	5	0.0515	0.0073	0.0191
8	SPILL	2	0.0383	0.0070	0.0080
8	SPILL	4	0.0490	0.0081	0.0163
8	SPILL	4	0.1162	0.0076	0.1012
8	SPILL	4	0.0482	0.0071	0.0143
8	SPILL	1	0.0318	0.0078	0.0001
8	SPILL	3	0.0357	0.0128	0.0049
8	SPILL	3	0.0427	0.0072	0.0102
8	SPILL	1	0.0304	0.0073	0.0001
8	SPILL	2	0.0421	0.0076	0.0085
8	SPILL	2	0.0461	0.0071	0.0053
8	SPILL	2	0.0668	0.0155	0.0318
8	SPILL	1	0.0301	0.0144	0.0001
8	SPILL	1	0.0347	0.0077	0.0001
8	SPILL	1	0.0307	0.0075	0.0001
8	SPILL	1	0.0318	0.0078	0.0001
8	SPILL	1	0.0357	0.0081	0.0001
8	SPILL	1	0.0325	0.0081	0.0001
8	BUD	0	0.0325	0.0043	0.0001
8	BUD	0	0.0355	0.0052	0.0001
8	BUD	0	0.0293	0.0125	0.0001
8	BUD	0	0.0275	0.0046	0.0001
8	BUD	0	0.0266	0.0046	0.0001
8	VRAK	0	0.0306	0.0049	0.0001
8	VELG	0	0.0275	0.0043	0.0002
8	SPILL	7	0.0728	0.0049	0.0344
8	SPILL	1	0.0371	0.0058	0.0002
8	SPILL	1	0.0321	0.0057	0.0002
8	SPILL	2	0.0501	0.0056	0.0082
8	SPILL	11	0.0604	0.0057	0.0558
8	SPILL	1	0.0308	0.0071	0.0001
8	SPILL	6	0.0585	0.0064	0.0157
8	SPILL	11	0.0940	0.0064	0.0578
8	SPILL	10	0.0833	0.0058	0.0461
8	SPILL	3	0.0423	0.0065	0.0099
8	SPILL	3	0.0428	0.0074	0.0120
8	SPILL	3	0.1040	0.0067	0.0677
8	SPILL	9	0.0464	0.0061	0.0129
8	SPILL	3	0.0428	0.0070	0.0109
8	SPILL	3	0.0439	0.0058	0.0114
8	SPILL	9	0.2287	0.0077	0.1657
8	SPILL	8	0.0448	0.0066	0.0122
8	SPILL	2	0.0406	0.0062	0.0065
8	SPILL	8	0.0539	0.0065	0.0210
8	SPILL	3	0.0819	0.0066	0.0121
8	SPILL	7	0.0799	0.0065	0.0372
8	SPILL	7	0.0823	0.0073	0.0300
8	SPILL	1	0.0320	0.0066	0.0001
8	SPILL	7	0.0637	0.0072	0.0307
8	SPILL	6	0.0736	0.0075	0.0320
8	SPILL	6	0.0577	0.0076	0.0256
8	SPILL	6	0.1555	0.0069	0.1172
8	SPILL	6	0.0579	0.0073	0.0235
8	SPILL	5	0.0587	0.0072	0.0236
8	SPILL	5	0.0529	0.0071	0.0199
8	SPILL	5	0.1344	0.0072	0.0880
8	SPILL	5	0.0520	0.0076	0.0184
8	SPILL	4	0.0506	0.0070	0.0173
8	SPILL	4	0.0484	0.0071	0.0137
8	SPILL	1	0.0318	0.0068	0.0001
8	SPILL	4	0.0487	0.0075	0.0144
8	SPILL	3	0.0493	0.0077	0.0148
8	SPILL	3	0.0439	0.0141	0.0116
8	SPILL	3	0.0820	0.0079	0.0491
8	SPILL	3	0.0424	0.0080	0.0115
8	SPILL	2	0.0481	0.0074	0.0055
8	SPILL	2	0.0398	0.0077	0.0088
8	SPILL	2	0.0647	0.0075	0.0327
8	SPILL	2	0.0466	0.0078	0.0077
8	SPILL	1	0.0403	0.0079	0.0001
8	SPILL	1	0.0498	0.0080	0.0001
8	SPILL	1	0.0312	0.0079	0.0001
8	SPILL	1	0.0307	0.0080	0.0001
9	BUD	0	0.0360	0.0054	0.0001
9	BUD	0	0.0292	0.0048	0.0001
9	BUD	0	0.0590	0.0155	0.0001
9	BUD	0	0.0291	0.0052	0.0001
9	VRAK	0	0.0545	0.0147	0.0001
9	VELG	0	0.0277	0.0046	0.0001
9	SPILL	5	0.0696	0.0052	0.0248
9	SPILL	1	0.0303	0.0048	0.0001
9	SPILL	2	0.0431	0.0054	0.0084
9	SPILL	2	0.0385	0.0049	0.0083
9	SPILL	11	0.0538	0.0054	0.0197
9	SPILL	1	0.0293	0.0052	0.0001
9	SPILL	1	0.0366	0.0057	0.0001
9	SPILL	4	0.0594	0.0067	0.0124
9	SPILL	10	0.0756	0.0146	0.0370
9	SPILL	3	0.0990	0.0064	0.0564
9	SPILL	3	0.0446	0.0185	0.0118
9	SPILL	2	0.0374	0.0058	0.0069
9	SPILL	9	0.0408	0.0055	0.0132
9	SPILL	1	0.0316	0.0059	0.0001
9	SPILL	3	0.0984	0.0063	0.0600
9	SPILL	3	0.0431	0.0062	0.0120
9	SPILL	8	0.0671	0.0056	0.0334
9	SPILL	2	0.0707	0.0058	0.0358
9	SPILL	8	0.0846	0.0067	0.0361
9	SPILL	8	0.0743	0.0068	0.0364
9	SPILL	7	0.0804	0.0067	0.0271
9	SPILL	2	0.0757	0.0064	0.0403
9	SPILL	2	0.0564	0.0066	0.0081
9	SPILL	1	0.0314	0.0066	0.0002
9	SPILL	6	0.0627	0.0069	0.0259
9	SPILL	1	0.0320	0.0071	0.0001
9	SPILL	1	0.0324	0.0070	0.0001
9	SPILL	6	0.1620	0.0079	0.1197
9	SPILL	5	0.0368	0.0069	0.0073
9	SPILL	2	0.0728	0.0067	0.0357
9	SPILL	5	0.0471	0.0073	0.0120
9	SPILL	2	0.1110	0.0153	0.0378
9	SPILL	4	0.0572	0.0095	0.0162
9	SPILL	4	0.1142	0.0084	0.0736
9	SPILL	4	0.0511	0.0081	0.0149
9	SPILL	4	0.0591	0.0087	0.0154
9	SPILL	3	0.0529	0.0084	0.0166
9	SPILL	3	0.0915	0.0092	0.0548
9	SPILL	3	0.0443	0.0090	0.0107
9	SPILL	3	0.0491	0.0084	0.0106
9	SPILL	2	0.0487	0.0079	0.0128
9	SPILL	2	0.0847	0.0081	0.0344
9	SPILL	2	0.0401	0.0076	0.0090
9	SPILL	1	0.0307	0.0080	0.0001
9	SPILL	1	0.0323	0.0077	0.0001
9	SPILL	1	0.0311	0.0093	0.0001
9	SPILL	1	0.0327	0.0081	0.0001
9	SPILL	1	0.0481	0.0084	0.0001
9	BUD	0	0.0359	0.0059	0.0001
9	BUD	0	0.0304	0.0049	0.0002
9	BUD	0	0.0275	0.0050	0.0001
9	BUD	0	0.0286	0.0048	0.0001
9	VRAK	0	0.0310	0.0046	0.0001
9	VELG	0	0.0286	0.0051	0.0001
9	SPILL	8	0.0752	0.0052	0.0381
9	SPILL	4	0.0458	0.0052	0.0142
9	SPILL	1	0.0297	0.0050	0.0002
9	SPILL	12	0.1057	0.0049	0.0705
9	SPILL	11	0.0471	0.0053	0.0173
9	SPILL	2	0.0382	0.0052	0.0074
9	SPILL	3	0.0399	0.0055	0.0091
9	SPILL	1	0.0299	0.0203	0.0001
9	SPILL	10	0.0985	0.0059	0.0575
9	SPILL	10	0.0588	0.0057	0.0251
9	SPILL	6	0.0566	0.0061	0.0256
9	SPILL	1	0.0295	0.0058	0.0001
9	SPILL	9	0.0461	0.0059	0.0127
9	SPILL	9	0.0796	0.0063	0.0450
9	SPILL	5	0.1474	0.0065	0.1033
9	SPILL	1	0.0321	0.0066	0.0001
9	SPILL	8	0.0452	0.0062	0.0143
9	SPILL	4	0.0500	0.0069	0.0166
9	SPILL	4	0.1174	0.0069	0.0802
9	SPILL	8	0.0513	0.0148	0.0181
9	SPILL	7	0.0934	0.0072	0.0465
9	SPILL	2	0.0427	0.0149	0.0081
9	SPILL	7	0.1667	0.0069	0.1338
9	SPILL	7	0.0635	0.0067	0.0301
9	SPILL	6	0.0862	0.0077	0.0433
9	SPILL	6	0.0515	0.0071	0.0158
9	SPILL	4	0.1121	0.0073	0.0722
9	SPILL	6	0.0574	0.0075	0.0234
9	SPILL	5	0.0772	0.0067	0.0431
9	SPILL	1	0.0328	0.0069	0.0001
9	SPILL	5	0.0551	0.0072	0.0188
9	SPILL	5	0.1350	0.0073	0.0889
9	SPILL	4	0.0383	0.0163	0.0066
9	SPILL	4	0.0511	0.0072	0.0153
9	SPILL	2	0.0844	0.0085	0.0356
9	SPILL	4	0.0442	0.0079	0.0098
9	SPILL	3	0.0640	0.0075	0.0279
9	SPILL	3	0.0521	0.0081	0.0118
9	SPILL	3	0.0842	0.0164	0.0491
9	SPILL	3	0.0447	0.0078	0.0115
9	SPILL	2	0.0601	0.0073	0.0196
9	SPILL	2	0.0427	0.0080	0.0078
9	SPILL	2	0.0734	0.0081	0.0361
9	SPILL	2	0.0519	0.0081	0.0090
9	SPILL	1	0.0312	0.0078	0.0001
9	SPILL	1	0.0334	0.0086	0.0001
9	SPILL	1	0.0340	0.0084	0.0001
9	SPILL	1	0.0332	0.0093	0.0002
9	BUD	0	0.0283	0.0046	0.0001
9	BUD	0	0.0284	0.0050	0.0001
9	BUD	0	0.0390	0.0052	0.0001
9	BUD	0	0.0284	0.0049	0.0001
9	BUD	0	0.0525	0.0043	0.0001
9	BUD	0	0.0254	0.0041	0.0002
9	VRAK	0	0.0303	0.0048	0.0034
9	VELG	0	0.0324	0.0048	0.0001
9	SPILL	5	0.0675	0.0050	0.0285
9	SPILL	2	0.0416	0.0145	0.0078
9	SPILL	3	0.0433	0.0050	0.0104
9	SPILL	1	0.0324	0.0054	0.0001
9	SPILL	11	0.0514	0.0051	0.0190
9	SPILL	4	0.1139	0.0061	0.0747
9	SPILL	1	0.0325	0.0055	0.0001
9	SPILL	2	0.0413	0.0052	0.0074
9	SPILL	10	0.0781	0.0056	0.0358
9	SPILL	10	0.0809	0.0053	0.0479
9	SPILL	1	0.0300	0.0058	0.0001
9	SPILL	1	0.0307	0.0057	0.0001
9	SPILL	9	0.0801	0.0064	0.0340
9	SPILL	3	0.0528	0.0061	0.0090
9	SPILL	4	0.1176	0.0061	0.0785
9	SPILL	1	0.0349	0.0062	0.0002
9	SPILL	8	0.0494	0.0075	0.0110
9	SPILL	3	0.0523	0.0073	0.0139
9	SPILL	2	0.0526	0.0077	0.0073
9	SPILL	2	0.0447	0.0081	0.0082
9	SPILL	7	0.0688	0.0068	0.0280
9	SPILL	7	0.0666	0.0070	0.0299
9	SPILL	7	0.0729	0.0086	0.0291
9	SPILL	7	0.1916	0.0081	0.1368
9	SPILL	6	0.0651	0.0083	0.0211
9	SPILL	1	0.0655	0.0088	0.0002
9	SPILL	3	0.0493	0.0074	0.0115
9	SPILL	6	0.1674	0.0077	0.1190
9	SPILL	5	0.0651	0.0091	0.0183
9	SPILL	5	0.0546	0.0074	0.0200
9	SPILL	2	0.0413	0.0072	0.0083
9	SPILL	5	0.1373	0.0087	0.0938
9	SPILL	4	0.0523	0.0072	0.0163
9	SPILL	4	0.0549	0.0072	0.0145
9	SPILL	1	0.0324	0.0074	0.0001
9	SPILL	4	0.1134	0.0074	0.0733
9	SPILL	3	0.0500	0.0071	0.0148
9	SPILL	3	0.0461	0.0074	0.0103
9	SPILL	3	0.0455	0.0078	0.0105
9	SPILL	3	0.0903	0.0081	0.0504
9	SPILL	2	0.0469	0.0073	0.0129
9	SPILL	2	0.0421	0.0088	0.0074
9	SPILL	2	0.0398	0.0078	0.0071
9	SPILL	2	0.0754	0.0078	0.0318
9	SPILL	1	0.0340	0.0087	0.0001
9	SPILL	1	0.0338	0.0079	0.0001
9	SPILL	1	0.0333	0.0079	0.0001
9	SPILL	1	0.0333	0.0096	0.0001
9	BUD	0	0.0273	0.0042	0.0001
9	BUD	0	0.0306	0.0045	0.0001
9	BUD	0	0.0296	0.0051	0.0001
9	BUD	0	0.0309	0.0049	0.0001
9	VRAK	0	0.0359	0.0048	0.0001
9	VELG	0	0.0537	0.0054	0.0001
9	SPILL	6	0.0906	0.0056	0.0315
9	SPILL	1	0.0315	0.0052	0.0001
9	SPILL	1	0.0377	0.0056	0.0001
9	SPILL	3	0.0429	0.0053	0.0119
9	SPILL	11	0.0666	0.0052	0.0183
9	SPILL	11	0.0868	0.0050	0.0567
9	SPILL	2	0.0369	0.0120	0.0071
9	SPILL	5	0.0502	0.0057	0.0174
9	SPILL	10	0.0477	0.0056	0.0151
9	SPILL	1	0.0415	0.0060	0.0002
9	SPILL	3	0.1055	0.0062	0.0623
9	SPILL	3	0.0440	0.0057	0.0119
9	SPILL	9	0.0785	0.0058	0.0400
9	SPILL	2	0.0770	0.0056	0.0379
9	SPILL	3	0.0410	0.0057	0.0092
9	SPILL	3	0.0940	0.0064	0.0601
9	SPILL	8	0.0421	0.0070	0.0117
9	SPILL	3	0.0911	0.0057	0.0555
9	SPILL	1	0.0309	0.0067	0.0001
9	SPILL	4	0.1225	0.0068	0.0813
9	SPILL	7	0.0769	0.0074	0.0414
9	SPILL	1	0.0322	0.0066	0.0002
9	SPILL	7	0.0644	0.0069	0.0293
9	SPILL	1	0.0305	0.0070	0.0001
9	SPILL	6	0.0850	0.0068	0.0316
9	SPILL	6	0.8122	0.0155	0.1066
9	SPILL	6	0.0581	0.0071	0.0256
9	SPILL	6	0.0572	0.0068	0.0243
9	SPILL	5	0.0587	0.0071	0.0239
9	SPILL	5	0.1307	0.0076	0.0918
9	SPILL	1	0.0315	0.0073	0.0001
9	SPILL	1	0.0329	0.0076	0.0001
9	SPILL	4	0.0525	0.0075	0.0069
9	SPILL	4	0.0459	0.0076	0.0118
9	SPILL	2	0.0750	0.0076	0.0384
9	SPILL	1	0.0305	0.0240	0.0001
9	SPILL	3	0.0525	0.0074	0.0158
9	SPILL	3	0.0828	0.0067	0.0487
9	SPILL	3	0.0429	0.0079	0.0121
9	SPILL	3	0.0437	0.0079	0.0102
9	SPILL	2	0.0379	0.0069	0.0056
9	SPILL	2	0.0662	0.0073	0.0327
9	SPILL	2	0.0391	0.0075	0.0076
9	SPILL	2	0.0395	0.0075	0.0075
9	SPILL	1	0.0349	0.0076	0.0001
9	SPILL	1	0.0615	0.0093	0.0002
9	SPILL	1	0.0346	0.0080	0.0001
9	SPILL	1	0.0332	0.0085	0.0001
10	BUD	0	0.0364	0.0053	0.0001
10	BUD	0	0.0296	0.0052	0.0001
10	BUD	0	0.0300	0.0046	0.0001
10	BUD	0	0.0278	0.0053	0.0000
10	BUD	0	0.0274	0.0047	0.0001
10	VRAK	0	0.0333	0.0049	0.0001
10	VELG	0	0.0300	0.0044	0.0002
10	SPILL	6	0.0671	0.0063	0.0297
10	SPILL	1	0.0310	0.0048	0.0001
10	SPILL	3	0.0437	0.0048	0.0108
10	SPILL	1	0.0299	0.0053	0.0001
10	SPILL	11	0.0531	0.0050	0.0189
10	SPILL	5	0.1328	0.0053	0.0924
10	SPILL	11	0.0932	0.0150	0.0583
10	SPILL	2	0.0379	0.0054	0.0073
10	SPILL	10	0.0747	0.0059	0.0404
10	SPILL	4	0.0476	0.0058	0.0125
10	SPILL	3	0.0959	0.0061	0.0609
10	SPILL	2	0.0395	0.0061	0.0081
10	SPILL	9	0.0497	0.0069	0.0125
10	SPILL	2	0.0826	0.0137	0.0381
10	SPILL	1	0.0311	0.0063	0.0002
10	SPILL	1	0.0344	0.0063	0.0002
10	SPILL	8	0.0752	0.0058	0.0381
10	SPILL	8	0.0709	0.0069	0.0345
10	SPILL	1	0.0318	0.0065	0.0002
10	SPILL	1	0.0546	0.0071	0.0001
10	SPILL	7	0.0405	0.0067	0.0098
10	SPILL	4	0.0455	0.0065	0.0124
10	SPILL	7	0.1599	0.0075	0.1208
10	SPILL	3	0.0450	0.0066	0.0118
10	SPILL	6	0.0623	0.0072	0.0241
10	SPILL	6	0.0577	0.0071	0.0228
10	SPILL	6	0.0563	0.0073	0.0234
10	SPILL	6	0.1560	0.0073	0.1168
10	SPILL	5	0.0516	0.0085	0.0178
10	SPILL	2	0.0411	0.0068	0.0083
10	SPILL	4	0.0473	0.0070	0.0155
10	SPILL	2	0.0734	0.0074	0.0374
10	SPILL	4	0.0495	0.0073	0.0164
10	SPILL	1	0.0316	0.0074	0.0001
10	SPILL	3	0.0467	0.0075	0.0112
10	SPILL	1	0.0302	0.0190	0.0001
10	SPILL	3	0.0523	0.0077	0.0152
10	SPILL	3	0.0441	0.0080	0.0103
10	SPILL	2	0.0394	0.0075	0.0081
10	SPILL	3	0.0905	0.0171	0.0534
10	SPILL	2	0.0482	0.0078	0.0131
10	SPILL	2	0.0406	0.0075	0.0073
10	SPILL	1	0.0301	0.0071	0.0002
10	SPILL	2	0.0596	0.0079	0.0075
10	SPILL	1	0.0289	0.0075	0.0002
10	SPILL	1	0.0305	0.0079	0.0001
10	SPILL	1	0.0316	0.0081	0.0001
10	SPILL	1	0.0314	0.0081	0.0001
10	BUD	0	0.0271	0.0042	0.0001
10	BUD	0	0.0368	0.0045	0.0001
10	BUD	0	0.0267	0.0043	0.0002
10	BUD	0	0.0268	0.0047	0.0002
10	VRAK	0	0.0396	0.0049	0.0001
10	VELG	0	0.0302	0.0045	0.0001
10	SPILL	6	0.0650	0.0048	0.0311
10	SPILL	12	0.1077	0.0164	0.0715
10	SPILL	3	0.0406	0.0051	0.0101
10	SPILL	1	0.0291	0.0051	0.0001
10	SPILL	11	0.0523	0.0054	0.0177
10	SPILL	5	0.1327	0.0057	0.0934
10	SPILL	11	0.0886	0.0057	0.0579
10	SPILL	2	0.0373	0.0054	0.0076
10	SPILL	10	0.0762	0.0096	0.0424
10	SPILL	10	0.0825	0.0062	0.0478
10	SPILL	1	0.0290	0.0059	0.0002
10	SPILL	2	0.0444	0.0064	0.0173
10	SPILL	9	0.0422	0.0058	0.0134
10	SPILL	4	0.1247	0.0064	0.0737
10	SPILL	2	0.0387	0.0059	0.0086
10	SPILL	3	0.0430	0.0059	0.0127
10	SPILL	8	0.0951	0.0060	0.0339
10	SPILL	8	0.0690	0.0064	0.0430
10	SPILL	8	0.0685	0.0065	0.0336
10	SPILL	1	0.0337	0.0070	0.0001
10	SPILL	7	0.0671	0.0090	0.0271
10	SPILL	3	0.0475	0.0068	0.0115
10	SPILL	3	0.0418	0.0067	0.0124
10	SPILL	2	0.0752	0.0073	0.0416
10	SPILL	6	0.0594	0.0067	0.0278
10	SPILL	4	0.0483	0.0071	0.0160
10	SPILL	3	0.0430	0.0069	0.0117
10	SPILL	3	0.0959	0.0076	0.0573
10	SPILL	5	0.0581	0.0069	0.0240
10	SPILL	5	0.0688	0.0070	0.0183
10	SPILL	5	0.0538	0.0072	0.0186
10	SPILL	5	0.1270	0.0073	0.0914
10	SPILL	4	0.0524	0.0075	0.0201
10	SPILL	4	0.0524	0.0076	0.0144
10	SPILL	1	0.0309	0.0075	0.0001
10	SPILL	1	0.0323	0.0078	0.0001
10	SPILL	3	0.0529	0.0074	0.0153
10	SPILL	3	0.0613	0.0087	0.0105
10	SPILL	3	0.0427	0.0075	0.0102
10	SPILL	3	0.0912	0.0081	0.0537
10	SPILL	2	0.0468	0.0076	0.0132
10	SPILL	2	0.0429	0.0081	0.0075
10	SPILL	2	0.0432	0.0075	0.0081
10	SPILL	2	0.0641	0.0079	0.0314
10	SPILL	1	0.0304	0.0078	0.0001
10	SPILL	1	0.0335	0.0077	0.0001
10	SPILL	1	0.0375	0.0093	0.0002
10	SPILL	1	0.0311	0.0084	0.0001
10	BUD	0	0.0267	0.0045	0.0001
10	BUD	0	0.0273	0.0044	0.0002
10	BUD	0	0.0275	0.0047	0.0001
10	BUD	0	0.0286	0.0046	0.0001
10	BUD	0	0.0358	0.0044	0.0001
10	VRAK	0	0.0306	0.0048	0.0001
10	VELG	0	0.0492	0.0047	0.0001
10	SPILL	5	0.0553	0.0047	0.0237
10	SPILL	3	0.0443	0.0051	0.0122
10	SPILL	1	0.0278	0.0049	0.0001
10	SPILL	2	0.0396	0.0048	0.0082
10	SPILL	11	0.0534	0.0056	0.0197
10	SPILL	1	0.0278	0.0055	0.0002
10	SPILL	4	0.0498	0.0062	0.0137
10	SPILL	2	0.0723	0.0053	0.0395
10	SPILL	10	0.0416	0.0055	0.0147
10	SPILL	1	0.0302	0.0065	0.0001
10	SPILL	4	0.0439	0.0056	0.0118
10	SPILL	1	0.0288	0.0059	0.0001
10	SPILL	9	0.0430	0.0057	0.0137
10	SPILL	9	0.0634	0.0059	0.0321
10	SPILL	3	0.0445	0.0058	0.0112
10	SPILL	9	0.9853	0.0147	0.2408
10	SPILL	8	0.0463	0.0066	0.0124
10	SPILL	2	0.0424	0.0065	0.0089
10	SPILL	3	0.0912	0.0064	0.0546
10	SPILL	3	0.0448	0.0065	0.0121
10	SPILL	7	0.0657	0.0065	0.0308
10	SPILL	1	0.0320	0.0070	0.0001
10	SPILL	7	0.0641	0.0067	0.0296
10	SPILL	7	0.1727	0.0069	0.1338
10	SPILL	6	0.0385	0.0067	0.0089
10	SPILL	6	0.0594	0.0068	0.0252
10	SPILL	2	0.0737	0.0071	0.0370
10	SPILL	6	0.0501	0.0072	0.0156
10	SPILL	5	0.0367	0.0069	0.0073
10	SPILL	5	0.0479	0.0068	0.0128
10	SPILL	1	0.0380	0.0091	0.0001
10	SPILL	5	0.1318	0.0084	0.0883
10	SPILL	4	0.0518	0.0078	0.0171
10	SPILL	4	0.0506	0.0081	0.0142
10	SPILL	4	0.1040	0.0076	0.0658
10	SPILL	4	0.0482	0.0077	0.0141
10	SPILL	3	0.0399	0.0075	0.0072
10	SPILL	1	0.0322	0.0076	0.0001
10	SPILL	1	0.0342	0.0095	0.0001
10	SPILL	1	0.0346	0.0478	0.0002
10	SPILL	2	0.0407	0.0080	0.0056
10	SPILL	2	0.0421	0.0153	0.0086
10	SPILL	2	0.0838	0.0102	0.0372
10	SPILL	2	0.0405	0.0080	0.0070
10	SPILL	1	0.0586	0.0078	0.0002
10	SPILL	1	0.0342	0.0085	0.0001
10	SPILL	1	0.0316	0.0095	0.0001
10	SPILL	1	0.0314	0.0080	0.0001
10	BUD	0	0.0347	0.0055	0.0002
10	BUD	0	0.0307	0.0046	0.0001
10	BUD	0	0.0309	0.0047	0.0001
10	BUD	0	0.0356	0.0058	0.0001
10	BUD	0	0.0289	0.0048	0.0001
10	VRAK	0	0.0334	0.0051	0.0002
10	VELG	0	0.0361	0.0048	0.0001
10	SPILL	5	0.0618	0.0050	0.0255
10	SPILL	1	0.0316	0.0054	0.0001
10	SPILL	2	0.0726	0.0137	0.0097
10	SPILL	3	0.0501	0.0053	0.0127
10	SPILL	11	0.0679	0.0098	0.0255
10	SPILL	1	0.0312	0.0058	0.0001
10	SPILL	2	0.0863	0.0060	0.0423
10	SPILL	4	0.0488	0.0058	0.0123
10	SPILL	10	0.0793	0.0063	0.0377
10	SPILL	1	0.0491	0.0064	0.0001
10	SPILL	10	0.0960	0.0068	0.0508
10	SPILL	1	0.0815	0.0090	0.0001
10	SPILL	9	0.0486	0.0076	0.0145
10	SPILL	2	0.0419	0.0069	0.0071
10	SPILL	3	0.1007	0.0072	0.0566
10	SPILL	4	0.0511	0.0073	0.0138
10	SPILL	8	0.0654	0.0068	0.0279
10	SPILL	8	0.1959	0.0098	0.1581
10	SPILL	8	0.0718	0.0078	0.0356
10	SPILL	8	0.0705	0.0077	0.0366
10	SPILL	7	0.0562	0.0075	0.0215
10	SPILL	2	0.0743	0.0075	0.0367
10	SPILL	1	0.0311	0.0069	0.0001
10	SPILL	2	0.0459	0.0080	0.0079
10	SPILL	6	0.0475	0.0077	0.0084
10	SPILL	4	0.0456	0.0078	0.0111
10	SPILL	4	0.0449	0.0080	0.0115
10	SPILL	6	0.0530	0.0095	0.0206
10	SPILL	5	0.0441	0.0079	0.0105
10	SPILL	1	0.0334	0.0096	0.0001
10	SPILL	5	0.0559	0.0085	0.0194
10	SPILL	1	0.0429	0.0088	0.0001
10	SPILL	4	0.0481	0.0085	0.0101
10	SPILL	3	0.1091	0.0090	0.0511
10	SPILL	2	0.0413	0.0083	0.0079
10	SPILL	1	0.0333	0.0085	0.0001
10	SPILL	3	0.0505	0.0088	0.0074
10	SPILL	2	0.0741	0.0086	0.0350
10	SPILL	1	0.0804	0.0101	0.0001
10	SPILL	3	0.0916	0.0089	0.0523
10	SPILL	2	0.0353	0.0087	0.0042
10	SPILL	2	0.0722	0.0096	0.0410
10	SPILL	2	0.0531	0.0085	0.0077
10	SPILL	1	0.0326	0.0092	0.0001
10	SPILL	1	0.0368	0.0091	0.0001
10	SPILL	1	0.0811	0.0164	0.0001
10	SPILL	1	0.0664	0.0096	0.0002
10	SPILL	1	0.0366	0.0100	0.0001
10	BUD	0	0.0305	0.0055	0.0001
10	BUD	0	0.0316	0.0054	0.0001
10	BUD	0	0.0278	0.0056	0.0001
10	BUD	0	0.0328	0.0054	0.0001
10	VRAK	0	0.0453	0.0096	0.0001
10	VELG	0	0.0331	0.0057	0.0001
10	SPILL	4	0.0609	0.0062	0.0225
10	SPILL	3	0.0485	0.0062	0.0111
10	SPILL	3	0.0496	0.0097	0.0125
10	SPILL	1	0.0360	0.0061	0.0001
10	SPILL	11	0.0538	0.0064	0.0193
10	SPILL	3	0.0965	0.0067	0.0570
10	SPILL	2	0.0400	0.0063	0.0072
10	SPILL	2	0.0392	0.0071	0.0074
10	SPILL	10	0.0661	0.0067	0.0325
10	SPILL	6	0.0597	0.0072	0.0160
10	SPILL	2	0.0371	0.0064	0.0069
10	SPILL	1	0.0291	0.0070	0.0002
10	SPILL	9	0.0459	0.0066	0.0130
10	SPILL	9	0.2023	0.0084	0.1568
10	SPILL	1	0.0308	0.0065	0.0002
10	SPILL	5	0.0611	0.0244	0.0213
10	SPILL	8	0.0583	0.0071	0.0234
10	SPILL	1	0.0314	0.0069	0.0002
10	SPILL	1	0.0319	0.0084	0.0001
10	SPILL	1	0.0367	0.0078	0.0001
10	SPILL	7	0.0476	0.0078	0.0242
10	SPILL	2	0.0598	0.0079	0.0066
10	SPILL	2	0.0736	0.0076	0.0393
10	SPILL	5	0.0524	0.0078	0.0219
10	SPILL	6	0.0630	0.0076	0.0090
10	SPILL	2	0.0402	0.0078	0.0083
10	SPILL	6	0.1474	0.0086	0.1156
10	SPILL	6	0.0891	0.0080	0.0279
10	SPILL	5	0.0472	0.0093	0.0091
10	SPILL	3	0.0957	0.0093	0.0508
10	SPILL	1	0.0327	0.0085	0.0001
10	SPILL	1	0.0364	0.0095	0.0001
10	SPILL	4	0.0452	0.0086	0.0089
10	SPILL	4	0.0526	0.0090	0.0160
10	SPILL	1	0.0323	0.0086	0.0001
10	SPILL	4	0.1101	0.0095	0.0682
10	SPILL	3	0.0400	0.0086	0.0072
10	SPILL	3	0.0465	0.0084	0.0107
10	SPILL	3	0.0430	0.0088	0.0113
10	SPILL	3	0.0870	0.0086	0.0506
10	SPILL	2	0.0592	0.0093	0.0058
10	SPILL	2	0.0930	0.0099	0.0080
10	SPILL	2	0.0429	0.0449	0.0090
10	SPILL	2	0.0697	0.0097	0.0317
10	SPILL	1	0.0317	0.0090	0.0001
10	SPILL	1	0.0600	0.0099	0.0001
10	SPILL	1	0.0331	0.0115	0.0001
10	SPILL	1	0.0589	0.0098	0.0001
10	BUD	0	0.0350	0.0050	0.0001
10	BUD	0	0.0367	0.0048	0.0001
10	BUD	0	0.0410	0.0049	0.0001
10	BUD	0	0.0297	0.0047	0.0002
10	BUD	0	0.0265	0.0051	0.0001
10	VRAK	0	0.0312	0.0049	0.0002
10	VELG	0	0.0274	0.0049	0.0001
10	SPILL	5	0.0611	0.0146	0.0252
10	SPILL	2	0.0389	0.0050	0.0083
10	SPILL	2	0.0384	0.0051	0.0083
10	SPILL	1	0.0288	0.0054	0.0001
10	SPILL	11	0.0515	0.0049	0.0208
10	SPILL	4	0.1115	0.0055	0.0748
10	SPILL	1	0.0290	0.0055	0.0001
10	SPILL	1	0.0291	0.0055	0.0001
10	SPILL	10	0.0607	0.0068	0.0150
10	SPILL	3	0.0444	0.0061	0.0102
10	SPILL	3	0.7856	0.0122	0.0611
10	SPILL	4	0.0983	0.0065	0.0160
10	SPILL	9	0.0480	0.0059	0.0146
10	SPILL	1	0.0619	0.0069	0.0001
10	SPILL	3	0.0544	0.0099	0.0170
10	SPILL	3	0.0438	0.0060	0.0116
10	SPILL	8	0.0704	0.0062	0.0321
10	SPILL	8	0.0696	0.0063	0.0338
10	SPILL	8	0.1006	0.0125	0.0359
10	SPILL	2	0.0729	0.0073	0.0368
10	SPILL	7	0.0620	0.0071	0.0277
10	SPILL	3	0.0506	0.0082	0.0116
10	SPILL	1	0.0334	0.0071	0.0001
10	SPILL	2	0.0816	0.0082	0.0389
10	SPILL	6	0.0604	0.0077	0.0252
10	SPILL	2	0.0417	0.0075	0.0067
10	SPILL	6	0.1490	0.0075	0.1093
10	SPILL	1	0.0333	0.0075	0.0001
10	SPILL	5	0.0546	0.0087	0.0083
10	SPILL	3	0.0901	0.0082	0.0510
10	SPILL	2	0.0412	0.0082	0.0078
10	SPILL	3	0.0450	0.0077	0.0119
10	SPILL	4	0.0556	0.0076	0.0237
10	SPILL	1	0.0325	0.0090	0.0001
10	SPILL	2	0.0418	0.0113	0.0066
10	SPILL	4	0.0650	0.0084	0.0122
10	SPILL	3	0.0429	0.0080	0.0052
10	SPILL	3	0.1055	0.0107	0.0526
10	SPILL	2	0.0453	0.0084	0.0079
10	SPILL	2	0.0424	0.0089	0.0082
10	SPILL	2	0.0508	0.0084	0.0136
10	SPILL	2	0.0435	0.0084	0.0078
10	SPILL	2	0.0443	0.0151	0.0094
10	SPILL	2	0.0860	0.0090	0.0328
10	SPILL	1	0.0322	0.0094	0.0001
10	SPILL	1	0.0346	0.0096	0.0001
10	SPILL	1	0.0389	0.0094	0.0001
10	SPILL	1	0.0338	0.0093	0.0001
10	BUD	0	0.0293	0.0050	0.0001
10	BUD	0	0.0303	0.0050	0.0002
10	BUD	0	0.0293	0.0049	0.0002
10	BUD	0	0.0272	0.0048	0.0001
10	VRAK	0	0.0310	0.0051	0.0001
10	VELG	0	0.0295	0.0047	0.0001
10	SPILL	6	0.0623	0.0049	0.0281
10	SPILL	2	0.0420	0.0053	0.0083
10	SPILL	2	0.0802	0.0092	0.0143
10	SPILL	1	0.1846	0.0067	0.0001
10	SPILL	11	0.0565	0.0061	0.0189
10	SPILL	5	0.1552	0.0111	0.1068
10	SPILL	1	0.0313	0.0057	0.0001
10	SPILL	1	0.0321	0.0064	0.0001
10	SPILL	10	0.0773	0.0063	0.0421
10	SPILL	2	0.0397	0.0061	0.0068
10	SPILL	2	0.0805	0.0062	0.0401
10	SPILL	4	0.0487	0.0183	0.0163
10	SPILL	9	0.0419	0.0205	0.0125
10	SPILL	2	0.0425	0.0063	0.0083
10	SPILL	1	0.0305	0.0083	0.0001
10	SPILL	5	0.1783	0.0253	0.1036
10	SPILL	8	0.0442	0.0062	0.0116
10	SPILL	3	0.0446	0.0065	0.0104
10	SPILL	4	0.1129	0.0075	0.0704
10	SPILL	1	0.0297	0.0074	0.0001
10	SPILL	7	0.0741	0.0067	0.0385
10	SPILL	7	0.0988	0.0069	0.0315
10	SPILL	7	0.0623	0.0067	0.0306
10	SPILL	1	0.0296	0.0076	0.0001
10	SPILL	6	0.0695	0.0066	0.0898
10	SPILL	6	0.1435	0.0091	0.0258
10	SPILL	6	0.0807	0.0085	0.0231
10	SPILL	6	0.1720	0.0079	0.1082
10	SPILL	5	0.0704	0.0074	0.0238
10	SPILL	5	0.0661	0.0075	0.0184
10	SPILL	5	0.0657	0.0075	0.0186
10	SPILL	1	0.0507	0.0073	0.0001
10	SPILL	4	0.0489	0.0074	0.0063
10	SPILL	4	0.1121	0.0076	0.0605
10	SPILL	3	0.0563	0.0074	0.0115
10	SPILL	2	0.0526	0.0162	0.0100
10	SPILL	3	0.0747	0.0081	0.0049
10	SPILL	3	0.1016	0.0079	0.0472
10	SPILL	1	0.0433	0.0078	0.0001
10	SPILL	2	0.0536	0.0080	0.0081
10	SPILL	2	0.0572	0.0079	0.0131
10	SPILL	2	0.0793	0.0086	0.0074
10	SPILL	2	0.0523	0.0082	0.0075
10	SPILL	2	0.0837	0.0085	0.0329
10	SPILL	1	0.0395	0.0077	0.0001
10	SPILL	1	0.0697	0.0085	0.0001
10	SPILL	1	0.0409	0.0084	0.0001
10	SPILL	1	0.0407	0.0085	0.0001
10	BUD	0	0.0345	0.0115	0.0001
10	BUD	0	0.0448	0.0251	0.0002
10	BUD	0	0.0366	0.0057	0.0001
10	BUD	0	0.0354	0.0055	0.0001
10	VRAK	0	0.0387	0.0052	0.0001
10	VELG	0	0.0354	0.0052	0.0001
10	SPILL	5	0.0664	0.0052	0.0243
10	SPILL	2	0.0640	0.0059	0.0094
10	SPILL	2	0.0517	0.0059	0.0362
10	SPILL	1	0.0482	0.0062	0.0001
10	SPILL	11	0.0651	0.0063	0.0196
10	SPILL	4	0.1585	0.0061	0.0767
10	SPILL	1	0.0503	0.0068	0.0001
10	SPILL	1	0.0540	0.0077	0.0001
10	SPILL	10	0.0858	0.0066	0.0373
10	SPILL	3	0.0553	0.0063	0.0099
10	SPILL	3	0.1087	0.0066	0.0609
10	SPILL	2	0.0790	0.0066	0.0082
10	SPILL	9	0.0506	0.0060	0.0127
10	SPILL	4	0.1183	0.0064	0.0738
10	SPILL	4	0.0596	0.0062	0.0171
10	SPILL	1	0.0430	0.0066	0.0001
10	SPILL	8	0.0868	0.0065	0.0345
10	SPILL	3	0.0567	0.0066	0.0121
10	SPILL	3	0.0856	0.0067	0.0113
10	SPILL	2	0.1007	0.0067	0.0383
10	SPILL	7	0.0760	0.0064	0.0319
10	SPILL	2	0.0535	0.0072	0.0074
10	SPILL	2	0.0832	0.0078	0.0383
10	SPILL	1	0.0398	0.0066	0.0001
10	SPILL	6	0.0497	0.0068	0.0093
10	SPILL	1	0.0398	0.0073	0.0001
10	SPILL	6	0.0598	0.0084	0.0172
10	SPILL	6	0.1591	0.0076	0.1083
10	SPILL	5	0.0495	0.0072	0.0083
10	SPILL	3	0.0929	0.0074	0.0466
10	SPILL	5	0.0695	0.0077	0.0190
10	SPILL	5	0.0608	0.0090	0.0187
10	SPILL	4	0.0725	0.0356	0.0066
10	SPILL	4	0.1578	0.0079	0.0623
10	SPILL	2	0.0516	0.0083	0.0080
10	SPILL	2	0.0775	0.0081	0.0077
10	SPILL	3	0.0457	0.0079	0.0053
10	SPILL	1	0.0422	0.0078	0.0001
10	SPILL	1	0.0429	0.0082	0.0001
10	SPILL	2	0.1403	0.0078	0.0359
10	SPILL	2	0.0482	0.0076	0.0040
10	SPILL	2	0.0510	0.0079	0.0076
10	SPILL	2	0.0484	0.0079	0.0064
10	SPILL	1	0.0404	0.0082	0.0001
10	SPILL	1	0.0412	0.0080	0.0001
10	SPILL	1	0.0415	0.0081	0.0001
10	SPILL	1	0.0406	0.0083	0.0001
10	SPILL	1	0.0403	0.0081	0.0002
10	BUD	0	0.0326	0.0044	0.0001
10	BUD	0	0.0344	0.0047	0.0001
10	BUD	0	0.0318	0.0048	0.0001
10	BUD	0	0.0327	0.0048	0.0001
10	BUD	0	0.0335	0.0044	0.0001
10	VRAK	0	0.0360	0.0046	0.0001
10	VELG	0	0.0356	0.0049	0.0002
10	SPILL	6	0.0674	0.0052	0.0305
10	SPILL	2	0.0490	0.0047	0.0080
10	SPILL	2	0.0471	0.0050	0.0084
10	SPILL	1	0.0379	0.0054	0.0002
10	SPILL	11	0.0982	0.0055	0.0178
10	SPILL	5	0.1735	0.0130	0.0919
10	SPILL	1	0.0432	0.0056	0.0001
10	SPILL	1	0.0456	0.0060	0.0001
10	SPILL	10	0.0852	0.0058	0.0411
10	SPILL	10	0.0912	0.0058	0.0484
10	SPILL	10	0.0920	0.0056	0.0481
10	SPILL	1	0.0391	0.0064	0.0001
10	SPILL	9	0.0797	0.0060	0.2706
10	SPILL	4	0.0727	0.0066	0.0169
10	SPILL	1	0.0401	0.0063	0.0001
10	SPILL	2	0.0501	0.0063	0.0080
10	SPILL	8	0.0477	0.0062	0.0317
10	SPILL	5	0.0636	0.0064	0.0222
10	SPILL	8	0.0630	0.0068	0.0187
10	SPILL	1	0.0401	0.0071	0.0001
10	SPILL	7	0.0711	0.0068	0.0274
10	SPILL	7	0.0719	0.0067	0.0305
10	SPILL	7	0.0708	0.0070	0.0308
10	SPILL	7	0.1796	0.0070	0.1319
10	SPILL	6	0.0816	0.0071	0.0208
10	SPILL	3	0.0575	0.0072	0.0112
10	SPILL	3	0.0649	0.0071	0.0114
10	SPILL	1	0.0412	0.0075	0.0001
10	SPILL	5	0.0638	0.0079	0.0192
10	SPILL	3	0.0562	0.0075	0.0114
10	SPILL	5	0.0702	0.0077	0.0194
10	SPILL	1	0.0408	0.0075	0.0001
10	SPILL	4	0.0629	0.0079	0.0163
10	SPILL	2	0.0498	0.0081	0.0070
10	SPILL	4	0.1180	0.0078	0.0718
10	SPILL	4	0.0582	0.0075	0.0141
10	SPILL	3	0.0438	0.0078	0.0047
10	SPILL	2	0.0852	0.0078	0.0371
10	SPILL	3	0.0536	0.0079	0.0112
10	SPILL	3	0.0532	0.0082	0.0079
10	SPILL	2	0.0613	0.0095	0.0064
10	SPILL	1	0.0504	0.0106	0.0001
10	SPILL	2	0.0989	0.0091	0.0326
10	SPILL	2	0.0491	0.0097	0.0073
10	SPILL	1	0.0365	0.0105	0.0002
10	SPILL	1	0.0514	0.0102	0.0001
10	SPILL	1	0.0354	0.0090	0.0002
10	SPILL	1	0.0353	0.0087	0.0001
10	BUD	0	0.0264	0.0047	0.0001
10	BUD	0	0.0301	0.0046	0.0001
10	BUD	0	0.0279	0.0049	0.0001
10	BUD	0	0.0281	0.0049	0.0001
10	BUD	0	0.0466	0.0046	0.0001
10	VRAK	0	0.0436	0.0122	0.0001
10	VELG	0	0.0340	0.0046	0.0001
10	SPILL	6	0.0604	0.0053	0.0281
10	SPILL	1	0.0339	0.0054	0.0001
10	SPILL	2	0.0396	0.0050	0.0093
10	SPILL	3	0.0410	0.0049	0.0112
10	SPILL	11	0.0517	0.0061	0.0187
10	SPILL	1	0.0281	0.0051	0.0001
10	SPILL	2	0.0791	0.0058	0.0412
10	SPILL	5	0.0433	0.0056	0.0141
10	SPILL	10	0.0729	0.0050	0.0423
10	SPILL	10	0.2508	0.0066	0.2092
10	SPILL	10	0.0801	0.0058	0.0490
10	SPILL	1	0.0288	0.0058	0.0001
10	SPILL	9	0.0709	0.0057	0.0351
10	SPILL	9	0.2220	0.0060	0.1891
10	SPILL	9	0.0737	0.0076	0.0426
10	SPILL	9	0.0733	0.0061	0.0431
10	SPILL	8	0.0606	0.0058	0.0293
10	SPILL	4	0.1092	0.0064	0.0735
10	SPILL	1	0.0285	0.0059	0.0001
10	SPILL	1	0.0303	0.0062	0.0001
10	SPILL	7	0.0393	0.0063	0.0106
10	SPILL	3	0.0440	0.0075	0.0090
10	SPILL	4	0.1062	0.0071	0.0715
10	SPILL	3	0.0419	0.0065	0.0113
10	SPILL	6	0.0377	0.0063	0.0087
10	SPILL	6	0.0571	0.0066	0.0247
10	SPILL	6	0.0559	0.0067	0.0238
10	SPILL	2	0.0731	0.0073	0.0376
10	SPILL	5	0.0367	0.0071	0.0075
10	SPILL	2	0.0545	0.0068	0.0069
10	SPILL	1	0.0438	0.0068	0.0001
10	SPILL	2	0.0418	0.0077	0.0078
10	SPILL	4	0.0557	0.0066	0.0231
10	SPILL	4	0.1073	0.0074	0.0661
10	SPILL	4	0.0476	0.0073	0.0148
10	SPILL	4	0.0463	0.0073	0.0154
10	SPILL	3	0.0484	0.0080	0.0146
10	SPILL	1	0.0323	0.0071	0.0001
10	SPILL	1	0.0322	0.0077	0.0002
10	SPILL	3	0.0442	0.0080	0.0108
10	SPILL	2	0.0448	0.0071	0.0128
10	SPILL	2	0.0729	0.0074	0.0351
10	SPILL	2	0.0421	0.0080	0.0074
10	SPILL	2	0.0542	0.0080	0.0076
10	SPILL	1	0.0311	0.0077	0.0001
10	SPILL	1	0.0342	0.0161	0.0001
10	SPILL	1	0.0311	0.0082	0.0001
10	SPILL	1	0.0312	0.0094	0.0001
10	BUD	0	0.0289	0.0048	0.0002
10	BUD	0	0.0282	0.0044	0.0001
10	BUD	0	0.0272	0.0042	0.0001
10	BUD	0	0.0272	0.0045	0.0001
10	BUD	0	0.0288	0.0049	0.0001
10	VRAK	0	0.0297	0.0046	0.0001
10	VELG	0	0.0298	0.0046	0.0001
10	SPILL	6	0.0682	0.0048	0.0276
10	SPILL	2	0.0404	0.0049	0.0086
10	SPILL	1	0.0444	0.0050	0.0001
10	SPILL	3	0.0428	0.0055	0.0119
10	SPILL	11	0.0512	0.0058	0.0175
10	SPILL	2	0.0451	0.0069	0.0071
10	SPILL	5	0.1252	0.0053	0.0915
10	SPILL	1	0.0322	0.0060	0.0001
10	SPILL	10	0.0432	0.0054	0.0131
10	SPILL	3	0.0424	0.0053	0.0113
10	SPILL	1	0.0293	0.0058	0.0002
10	SPILL	3	0.0407	0.0057	0.0099
10	SPILL	9	0.0389	0.0061	0.0127
10	SPILL	2	0.0403	0.0059	0.0074
10	SPILL	1	0.0288	0.0059	0.0001
10	SPILL	5	0.0444	0.0061	0.0135
10	SPILL	8	0.0573	0.0058	0.0113
10	SPILL	2	0.0399	0.0062	0.0081
10	SPILL	1	0.0300	0.0060	0.0001
10	SPILL	8	0.0545	0.0064	0.0199
10	SPILL	7	0.0643	0.0064	0.0311
10	SPILL	7	0.0642	0.0074	0.0281
10	SPILL	7	0.1656	0.0073	0.1319
10	SPILL	1	0.0439	0.0069	0.0001
10	SPILL	6	0.0608	0.0064	0.0263
10	SPILL	2	0.0559	0.0067	0.0068
10	SPILL	3	0.0399	0.0078	0.0095
10	SPILL	4	0.0471	0.0072	0.0154
10	SPILL	5	0.0369	0.0072	0.0075
10	SPILL	2	0.0439	0.0073	0.0081
10	SPILL	5	0.1182	0.0079	0.0799
10	SPILL	1	0.0314	0.0070	0.0001
10	SPILL	4	0.0551	0.0069	0.0164
10	SPILL	4	0.0490	0.0074	0.0145
10	SPILL	4	0.1046	0.0076	0.0688
10	SPILL	4	0.0456	0.0078	0.0148
10	SPILL	3	0.0367	0.0075	0.0078
10	SPILL	1	0.0309	0.0076	0.0001
10	SPILL	1	0.0465	0.0081	0.0001
10	SPILL	2	0.0410	0.0083	0.0088
10	SPILL	2	0.0370	0.0072	0.0052
10	SPILL	2	0.0393	0.0079	0.0148
10	SPILL	2	0.0857	0.0078	0.0299
10	SPILL	1	0.0306	0.0078	0.0001
10	SPILL	1	0.0306	0.0075	0.0001
10	SPILL	1	0.0298	0.0081	0.0001
10	SPILL	1	0.0294	0.0093	0.0001
10	SPILL	1	0.0623	0.0081	0.0001
11	BUD	0	0.0422	0.0053	0.0001
11	BUD	0	0.0299	0.0049	0.0000
11	BUD	0	0.0281	0.0047	0.0001
11	BUD	0	0.0279	0.0048	0.0001
11	BUD	0	0.0262	0.0044	0.0002
11	VRAK	0	0.0294	0.0046	0.0001
11	VELG	0	0.0277	0.0041	0.0001
11	SPILL	5	0.0602	0.0049	0.0247
11	SPILL	3	0.0450	0.0051	0.0112
11	SPILL	1	0.0284	0.0047	0.0001
11	SPILL	2	0.0404	0.0048	0.0085
11	SPILL	11	0.0524	0.0053	0.0191
11	SPILL	1	0.0282	0.0050	0.0001
11	SPILL	4	0.0432	0.0053	0.0115
11	SPILL	2	0.0379	0.0054	0.0077
11	SPILL	10	0.0701	0.0051	0.0397
11	SPILL	5	0.0512	0.0059	0.0220
11	SPILL	10	1.0253	0.0102	0.2476
11	SPILL	4	0.0498	0.0059	0.0171
11	SPILL	9	0.0675	0.0060	0.0356
11	SPILL	4	0.0423	0.0058	0.0119
11	SPILL	9	0.0590	0.0056	0.0281
11	SPILL	3	0.0426	0.0058	0.0115
11	SPILL	8	0.0376	0.0058	0.0108
11	SPILL	4	0.0414	0.0060	0.0111
11	SPILL	2	0.0369	0.0062	0.0067
11	SPILL	1	0.0279	0.0071	0.0001
11	SPILL	7	0.0674	0.0063	0.0333
11	SPILL	3	0.0409	0.0066	0.0098
11	SPILL	3	0.0394	0.0062	0.0115
11	SPILL	2	0.0732	0.0063	0.0390
11	SPILL	6	0.0381	0.0063	0.0090
11	SPILL	6	0.0627	0.0074	0.0361
11	SPILL	2	0.0726	0.0063	0.0369
11	SPILL	2	0.0461	0.0137	0.0080
11	SPILL	5	0.0635	0.0068	0.0307
11	SPILL	1	0.0305	0.0070	0.0002
11	SPILL	5	0.0530	0.0130	0.0197
11	SPILL	5	0.1251	0.0074	0.0892
11	SPILL	4	0.0355	0.0074	0.0065
11	SPILL	4	0.0558	0.0071	0.0147
11	SPILL	4	0.1053	0.0072	0.0708
11	SPILL	1	0.0316	0.0147	0.0001
11	SPILL	3	0.0630	0.0072	0.0205
11	SPILL	3	0.0426	0.0079	0.0112
11	SPILL	3	0.0832	0.0388	0.0509
11	SPILL	3	0.0419	0.0072	0.0111
11	SPILL	2	0.0449	0.0147	0.0127
11	SPILL	2	0.0406	0.0151	0.0075
11	SPILL	2	0.0632	0.0077	0.0316
11	SPILL	2	0.0366	0.0076	0.0080
11	SPILL	1	0.0289	0.0076	0.0001
11	SPILL	1	0.0312	0.0089	0.0001
11	SPILL	1	0.0296	0.0082	0.0001
11	SPILL	1	0.0289	0.0080	0.0001
11	BUD	0	0.0325	0.0045	0.0002
11	BUD	0	0.0310	0.0048	0.0001
11	BUD	0	0.0316	0.0054	0.0002
11	BUD	0	0.0271	0.0053	0.0001
11	BUD	0	0.0265	0.0084	0.0002
11	VRAK	0	0.0455	0.0048	0.0001
11	VELG	0	0.0283	0.0044	0.0002
11	SPILL	6	0.0617	0.0046	0.0280
11	SPILL	3	0.0595	0.0058	0.0117
11	SPILL	1	0.0335	0.0058	0.0002
11	SPILL	2	0.0421	0.0167	0.0085
11	SPILL	11	0.0700	0.0068	0.0168
11	SPILL	1	0.0300	0.0057	0.0001
11	SPILL	5	0.0476	0.0058	0.0155
11	SPILL	2	0.0388	0.0059	0.0079
11	SPILL	10	0.0771	0.0057	0.0415
11	SPILL	1	0.0316	0.0058	0.0002
11	SPILL	10	0.2626	0.0071	0.2080
11	SPILL	10	0.0895	0.0064	0.0497
11	SPILL	9	0.1001	0.0062	0.0356
11	SPILL	9	0.0762	0.0061	0.0422
11	SPILL	9	0.2320	0.0066	0.1964
11	SPILL	9	0.0760	0.0062	0.0441
11	SPILL	8	0.0646	0.0065	0.0283
11	SPILL	2	0.0394	0.0060	0.0071
11	SPILL	1	0.0315	0.0176	0.0001
11	SPILL	4	0.0562	0.0084	0.0119
11	SPILL	7	0.0386	0.0061	0.0099
11	SPILL	4	0.0456	0.0066	0.0112
11	SPILL	1	0.0321	0.0065	0.0002
11	SPILL	7	0.1831	0.0075	0.1389
11	SPILL	6	0.0697	0.0064	0.0245
11	SPILL	6	0.0582	0.0067	0.0226
11	SPILL	6	0.1998	0.0077	0.1115
11	SPILL	2	0.0429	0.0072	0.0080
11	SPILL	5	0.0759	0.0074	0.0241
11	SPILL	5	0.0517	0.0081	0.0189
11	SPILL	5	0.1327	0.0176	0.0956
11	SPILL	5	0.0536	0.0076	0.0190
11	SPILL	4	0.0514	0.0073	0.0182
11	SPILL	4	0.0464	0.0074	0.0141
11	SPILL	4	0.1108	0.0077	0.0746
11	SPILL	1	0.0306	0.0074	0.0001
11	SPILL	3	0.0496	0.0076	0.0142
11	SPILL	3	0.0461	0.0074	0.0181
11	SPILL	3	0.0909	0.0076	0.0533
11	SPILL	3	0.0475	0.0078	0.0105
11	SPILL	2	0.0671	0.0074	0.0134
11	SPILL	2	0.0399	0.0071	0.0078
11	SPILL	2	0.0813	0.0077	0.0309
11	SPILL	2	0.0414	0.0075	0.0088
11	SPILL	1	0.0300	0.0077	0.0001
11	SPILL	1	0.0315	0.0078	0.0001
11	SPILL	1	0.0307	0.0091	0.0002
11	SPILL	1	0.0316	0.0080	0.0001
12	BUD	0	0.0355	0.0054	0.0001
12	BUD	0	0.0281	0.0046	0.0001
12	BUD	0	0.0251	0.0044	0.0001
12	BUD	0	0.0332	0.0045	0.0001
12	BUD	0	0.0336	0.0050	0.0002
12	VRAK	0	0.0290	0.0048	0.0001
12	VELG	0	0.0274	0.0043	0.0001
12	SPILL	6	0.0570	0.0048	0.0243
12	SPILL	4	0.0431	0.0047	0.0138
12	SPILL	1	0.0327	0.0051	0.0001
12	SPILL	1	0.0335	0.0057	0.0001
12	SPILL	11	0.0435	0.0054	0.0147
12	SPILL	11	0.0836	0.0057	0.0516
12	SPILL	5	0.1274	0.0060	0.0901
12	SPILL	3	0.0396	0.0055	0.0094
12	SPILL	10	0.0668	0.0056	0.0355
12	SPILL	10	0.0552	0.0050	0.0249
12	SPILL	5	0.1243	0.0055	0.0920
12	SPILL	6	0.0465	0.0058	0.0166
12	SPILL	9	0.0435	0.0055	0.0097
12	SPILL	4	0.0426	0.0056	0.0096
12	SPILL	2	0.0353	0.0058	0.0059
12	SPILL	1	0.0276	0.0055	0.0000
12	SPILL	8	0.0368	0.0059	0.0094
12	SPILL	8	0.0629	0.0063	0.0309
12	SPILL	8	0.1672	0.0062	0.1286
12	SPILL	5	0.0561	0.0060	0.0177
12	SPILL	7	0.0648	0.0063	0.0312
12	SPILL	2	0.0727	0.0069	0.0080
12	SPILL	7	0.0607	0.0070	0.0288
12	SPILL	7	0.1788	0.0069	0.1421
12	SPILL	6	0.0388	0.0066	0.0094
12	SPILL	3	0.0413	0.0072	0.0093
12	SPILL	6	0.0553	0.0072	0.0243
12	SPILL	6	0.8803	0.0118	0.1067
12	SPILL	5	0.0432	0.0074	0.0076
12	SPILL	2	0.0420	0.0081	0.0075
12	SPILL	1	0.0330	0.0074	0.0001
12	SPILL	5	0.1327	0.0074	0.0898
12	SPILL	4	0.0366	0.0078	0.0062
12	SPILL	4	0.0610	0.0091	0.0108
12	SPILL	4	0.0468	0.0080	0.0112
12	SPILL	2	0.0747	0.0078	0.0380
12	SPILL	3	0.0491	0.0071	0.0158
12	SPILL	1	0.0321	0.0080	0.0001
12	SPILL	3	0.1017	0.0084	0.0551
12	SPILL	3	0.0471	0.0077	0.0111
12	SPILL	2	0.0465	0.0076	0.0148
12	SPILL	2	0.0397	0.0079	0.0064
12	SPILL	2	0.0719	0.0081	0.0392
12	SPILL	2	0.0425	0.0081	0.0080
12	SPILL	1	0.0337	0.0075	0.0001
12	SPILL	1	0.0341	0.0081	0.0001
12	SPILL	1	0.0331	0.0085	0.0001
12	SPILL	1	0.0327	0.0090	0.0001
12	BUD	0	0.0285	0.0045	0.0002
12	BUD	0	0.0296	0.0049	0.0001
12	BUD	0	0.0279	0.0045	0.0001
12	BUD	0	0.0273	0.0045	0.0001
12	BUD	0	0.0263	0.0041	0.0001
12	VRAK	0	0.0303	0.0047	0.0001
12	VELG	0	0.0317	0.0042	0.0001
12	SPILL	6	0.0595	0.0049	0.0287
12	SPILL	1	0.0309	0.0049	0.0001
12	SPILL	1	0.0288	0.0150	0.0001
12	SPILL	3	0.0435	0.0048	0.0131
12	SPILL	11	0.0568	0.0055	0.0203
12	SPILL	11	0.0903	0.0052	0.0566
12	SPILL	2	0.0371	0.0053	0.0078
12	SPILL	5	0.1290	0.0061	0.0904
12	SPILL	10	0.0443	0.0051	0.0141
12	SPILL	3	0.0391	0.0064	0.0089
12	SPILL	4	0.0397	0.0054	0.0106
12	SPILL	4	0.0412	0.0066	0.0115
12	SPILL	9	0.0692	0.0054	0.0399
12	SPILL	4	0.1059	0.0165	0.0714
12	SPILL	3	0.0421	0.0058	0.0111
12	SPILL	4	0.0800	0.0064	0.0157
12	SPILL	8	0.0500	0.0060	0.0116
12	SPILL	4	0.0485	0.0063	0.0152
12	SPILL	1	0.0294	0.0060	0.0001
12	SPILL	8	0.1770	0.0068	0.1366
12	SPILL	7	0.0479	0.0068	0.0108
12	SPILL	3	0.0706	0.0067	0.0096
12	SPILL	7	0.1534	0.0068	0.1190
12	SPILL	7	0.0489	0.0076	0.0179
12	SPILL	6	0.0360	0.0065	0.0083
12	SPILL	1	0.0317	0.0068	0.0001
12	SPILL	1	0.0351	0.0073	0.0001
12	SPILL	2	0.0753	0.0086	0.0391
12	SPILL	5	0.0372	0.0070	0.0072
12	SPILL	5	0.0577	0.0071	0.0119
12	SPILL	5	0.1216	0.0071	0.0855
12	SPILL	1	0.0307	0.0068	0.0002
12	SPILL	4	0.0657	0.0069	0.0299
12	SPILL	1	0.0311	0.0076	0.0001
12	SPILL	4	0.0510	0.0074	0.0155
12	SPILL	4	0.0453	0.0070	0.0145
12	SPILL	3	0.0342	0.0070	0.0047
12	SPILL	1	0.0303	0.0077	0.0001
12	SPILL	3	0.0452	0.0080	0.0122
12	SPILL	3	0.0775	0.0225	0.0425
12	SPILL	2	0.0433	0.0075	0.0036
12	SPILL	2	0.0460	0.0081	0.0069
12	SPILL	1	0.0324	0.0084	0.0001
12	SPILL	2	0.0883	0.0080	0.0073
12	SPILL	1	0.0298	0.0081	0.0001
12	SPILL	1	0.0482	0.0081	0.0001
12	SPILL	1	0.0305	0.0079	0.0001
12	SPILL	1	0.0311	0.0079	0.0002
12	BUD	0	0.0261	0.0047	0.0001
12	BUD	0	0.0283	0.0041	0.0001
12	BUD	0	0.0281	0.0045	0.0001
12	BUD	0	0.0282	0.0043	0.0001
12	VRAK	0	0.0396	0.0048	0.0001
12	VELG	0	0.0277	0.0043	0.0000
12	SPILL	6	0.0603	0.0047	0.0280
12	SPILL	3	0.0513	0.0047	0.0100
12	SPILL	1	0.0363	0.0073	0.0002
12	SPILL	2	0.0609	0.0058	0.0084
12	SPILL	11	0.0509	0.0056	0.0169
12	SPILL	1	0.0305	0.0054	0.0001
12	SPILL	5	0.1402	0.0060	0.0881
12	SPILL	2	0.0383	0.0057	0.0072
12	SPILL	10	0.0751	0.0052	0.0403
12	SPILL	4	0.0626	0.0053	0.0118
12	SPILL	4	0.0415	0.0055	0.0106
12	SPILL	2	0.0383	0.0064	0.0081
12	SPILL	9	0.0415	0.0055	0.0127
12	SPILL	4	0.0633	0.0061	0.0151
12	SPILL	9	0.1863	0.0063	0.1500
12	SPILL	1	0.0608	0.0067	0.0001
12	SPILL	8	0.0451	0.0063	0.0108
12	SPILL	4	0.0584	0.0062	0.0114
12	SPILL	3	0.0527	0.0065	0.0097
12	SPILL	4	0.1266	0.0066	0.0785
12	SPILL	7	0.0402	0.0063	0.0096
12	SPILL	2	0.0402	0.0067	0.0069
12	SPILL	3	0.0447	0.0068	0.0119
12	SPILL	7	0.1743	0.0071	0.1378
12	SPILL	6	0.0833	0.0067	0.0369
12	SPILL	1	0.0318	0.0070	0.0001
12	SPILL	6	0.1451	0.0069	0.1072
12	SPILL	6	0.0760	0.0076	0.0233
12	SPILL	5	0.0749	0.0078	0.0316
12	SPILL	5	0.0597	0.0078	0.0191
12	SPILL	5	0.1328	0.0077	0.0922
12	SPILL	5	0.0798	0.0078	0.0239
12	SPILL	4	0.0623	0.0081	0.0329
12	SPILL	4	0.0487	0.0081	0.0157
12	SPILL	4	0.1091	0.0075	0.0717
12	SPILL	4	0.0480	0.0076	0.0141
12	SPILL	3	0.0534	0.0072	0.0148
12	SPILL	1	0.0321	0.0077	0.0001
12	SPILL	1	0.0330	0.0077	0.0001
12	SPILL	1	0.0331	0.0073	0.0001
12	SPILL	2	0.0625	0.0072	0.0131
12	SPILL	2	0.0422	0.0075	0.0074
12	SPILL	2	0.0652	0.0086	0.0308
12	SPILL	2	0.0380	0.0080	0.0077
12	SPILL	1	0.0318	0.0079	0.0001
12	SPILL	1	0.0450	0.0083	0.0001
12	SPILL	1	0.0308	0.0085	0.0001
12	SPILL	1	0.0316	0.0078	0.0001
13	BUD	0	0.0355	0.0054	0.0001
13	BUD	0	0.0288	0.0045	0.0001
13	BUD	0	0.0269	0.0100	0.0001
13	BUD	0	0.0276	0.0046	0.0001
13	BUD	0	0.0248	0.0041	0.0001
13	VRAK	0	0.0285	0.0047	0.0000
13	VELG	0	0.0288	0.0045	0.0001
13	SPILL	5	0.0575	0.0047	0.0246
13	SPILL	2	0.0395	0.0046	0.0075
13	SPILL	2	0.0381	0.0060	0.0077
13	SPILL	1	0.0282	0.0047	0.0001
13	SPILL	11	0.0484	0.0049	0.0186
13	SPILL	4	0.1109	0.0064	0.0717
13	SPILL	1	0.0280	0.0062	0.0001
13	SPILL	1	0.0413	0.0066	0.0001
13	SPILL	10	0.0772	0.0064	0.7376
13	SPILL	3	0.0593	0.0101	0.0134
13	SPILL	5	0.1348	0.0063	0.0913
13	SPILL	2	0.0401	0.0059	0.0075
13	SPILL	9	0.0412	0.0055	0.0121
13	SPILL	3	0.0585	0.0085	0.0145
13	SPILL	4	0.1042	0.0060	0.0702
13	SPILL	3	0.0417	0.0065	0.0121
13	SPILL	8	0.0660	0.0060	0.0342
13	SPILL	8	0.0665	0.0062	0.0357
13	SPILL	8	0.0705	0.0067	0.0344
13	SPILL	2	0.0718	0.0066	0.0356
13	SPILL	7	0.0597	0.0066	0.0265
13	SPILL	2	0.0392	0.0063	0.0080
13	SPILL	3	0.0438	0.0066	0.0113
13	SPILL	1	0.0318	0.0318	0.0002
13	SPILL	6	0.0651	0.0261	0.0264
13	SPILL	1	0.0306	0.0069	0.0001
13	SPILL	2	0.0427	0.0069	0.0081
13	SPILL	6	0.1444	0.0068	0.1049
13	SPILL	5	0.0572	0.0069	0.0238
13	SPILL	2	0.0409	0.0069	0.0078
13	SPILL	2	0.0386	0.0076	0.0077
13	SPILL	2	0.0849	0.0083	0.0377
13	SPILL	4	0.0595	0.0077	0.0221
13	SPILL	1	0.0336	0.0161	0.0001
13	SPILL	1	0.0381	0.0079	0.0001
13	SPILL	1	0.0329	0.0080	0.0001
13	SPILL	3	0.0574	0.0077	0.0210
13	SPILL	3	0.0880	0.0143	0.0110
13	SPILL	3	0.0484	0.0083	0.0105
13	SPILL	3	0.0901	0.0130	0.0522
13	SPILL	2	0.0539	0.0077	0.0182
13	SPILL	2	0.0406	0.0078	0.0075
13	SPILL	2	0.0395	0.0076	0.0076
13	SPILL	1	0.0308	0.0078	0.0002
13	SPILL	1	0.0309	0.0153	0.0001
13	SPILL	1	0.0322	0.0080	0.0002
13	SPILL	1	0.0333	0.0081	0.0001
13	SPILL	1	0.0310	0.0085	0.0001
13	BUD	0	0.0263	0.0043	0.0001
13	BUD	0	0.0290	0.0047	0.0001
13	BUD	0	0.0263	0.0044	0.0001
13	BUD	0	0.0263	0.0069	0.0001
13	VRAK	0	0.0456	0.0047	0.0001
13	VELG	0	0.0291	0.0200	0.0001
13	SPILL	5	0.0659	0.0050	0.0239
13	SPILL	2	0.0380	0.0053	0.0073
13	SPILL	1	0.0373	0.0052	0.0002
13	SPILL	3	0.0614	0.0140	0.0117
13	SPILL	11	0.0509	0.0056	0.0190
13	SPILL	2	0.0483	0.0061	0.0075
13	SPILL	4	0.0458	0.0054	0.0115
13	SPILL	1	0.0292	0.0052	0.0002
13	SPILL	10	0.0738	0.0051	0.0377
13	SPILL	3	0.0456	0.0057	0.0090
13	SPILL	3	0.0623	0.0065	0.0112
13	SPILL	2	0.0747	0.0055	0.0389
13	SPILL	9	0.0512	0.0050	0.0128
13	SPILL	2	0.0410	0.0073	0.0079
13	SPILL	3	0.0941	0.0060	0.0572
13	SPILL	2	0.0422	0.0058	0.0078
13	SPILL	8	0.0428	0.0055	0.0114
13	SPILL	4	0.0623	0.0090	0.0159
13	SPILL	2	0.0776	0.0072	0.0374
13	SPILL	2	0.0493	0.0063	0.0081
13	SPILL	7	0.0418	0.0061	0.0103
13	SPILL	3	0.0463	0.0065	0.0099
13	SPILL	7	0.1702	0.0073	0.1261
13	SPILL	1	0.0326	0.0063	0.0001
13	SPILL	6	0.0404	0.0079	0.0082
13	SPILL	6	0.0509	0.0063	0.0139
13	SPILL	3	0.0445	0.0067	0.0116
13	SPILL	4	0.1176	0.0070	0.0731
13	SPILL	5	0.0620	0.0068	0.0175
13	SPILL	5	0.0539	0.0068	0.0185
13	SPILL	5	0.1210	0.0068	0.0874
13	SPILL	5	0.0524	0.0071	0.0188
13	SPILL	4	0.0417	0.0070	0.0095
13	SPILL	1	0.0326	0.0068	0.0002
13	SPILL	4	0.1049	0.0075	0.0730
13	SPILL	4	0.0525	0.0074	0.0143
13	SPILL	3	0.0388	0.0070	0.0070
13	SPILL	3	0.0435	0.0070	0.0106
13	SPILL	3	0.0822	0.0074	0.0483
13	SPILL	3	0.0417	0.0072	0.0106
13	SPILL	2	0.0473	0.0072	0.0053
13	SPILL	2	0.0406	0.0075	0.0078
13	SPILL	2	0.0659	0.0074	0.0319
13	SPILL	2	0.0402	0.0073	0.0072
13	SPILL	1	0.0303	0.0072	0.0001
13	SPILL	1	0.0316	0.0090	0.0000
13	SPILL	1	0.0301	0.0079	0.0002
13	SPILL	1	0.0300	0.0077	0.0001
13	BUD	0	0.0275	0.0044	0.0002
13	BUD	0	0.0283	0.0047	0.0001
13	BUD	0	0.0284	0.0045	0.0000
13	BUD	0	0.0283	0.0045	0.0001
13	BUD	0	0.0294	0.0044	0.0001
13	VRAK	0	0.0296	0.0046	0.0001
13	VELG	0	0.0322	0.0043	0.0001
13	SPILL	5	0.0571	0.0047	0.0233
13	SPILL	1	0.0304	0.0049	0.0001
13	SPILL	1	0.0281	0.0056	0.0001
13	SPILL	3	0.0554	0.0060	0.0124
13	SPILL	11	0.0536	0.0052	0.0181
13	SPILL	11	0.0901	0.0058	0.0565
13	SPILL	2	0.0354	0.0053	0.0071
13	SPILL	4	0.0430	0.0055	0.0132
13	SPILL	10	0.1073	0.0144	0.0420
13	SPILL	2	0.0810	0.0064	0.0390
13	SPILL	10	0.0819	0.0056	0.0490
13	SPILL	1	0.0309	0.0058	0.0001
13	SPILL	9	0.0461	0.0122	0.0131
13	SPILL	3	0.0453	0.0058	0.0098
13	SPILL	4	0.1128	0.0059	0.0755
13	SPILL	4	0.0444	0.0064	0.0123
13	SPILL	8	0.0627	0.0060	0.0281
13	SPILL	2	0.0718	0.0062	0.0351
13	SPILL	4	0.0462	0.0064	0.0174
13	SPILL	3	0.0432	0.0066	0.0116
13	SPILL	7	0.0486	0.0064	0.0104
13	SPILL	2	0.0378	0.0065	0.0068
13	SPILL	3	0.0382	0.0074	0.0089
13	SPILL	3	0.0434	0.0067	0.0111
13	SPILL	6	0.0378	0.0065	0.0089
13	SPILL	6	0.0515	0.0064	0.0150
13	SPILL	4	0.1101	0.0070	0.0728
13	SPILL	2	0.0412	0.0072	0.0083
13	SPILL	5	0.0509	0.0072	0.0182
13	SPILL	1	0.0314	0.0070	0.0001
13	SPILL	3	0.0450	0.0069	0.0114
13	SPILL	2	0.0435	0.0069	0.0080
13	SPILL	4	0.0480	0.0088	0.0164
13	SPILL	4	0.1027	0.0078	0.0659
13	SPILL	2	0.0395	0.0068	0.0078
13	SPILL	1	0.0304	0.0070	0.0001
13	SPILL	3	0.0496	0.0103	0.0151
13	SPILL	3	0.0839	0.0078	0.0470
13	SPILL	1	0.0285	0.0076	0.0001
13	SPILL	2	0.0422	0.0077	0.0083
13	SPILL	2	0.0324	0.0073	0.0037
13	SPILL	1	0.0308	0.0078	0.0001
13	SPILL	1	0.0311	0.0071	0.0001
13	SPILL	2	0.0389	0.0074	0.0062
13	SPILL	1	0.0434	0.0079	0.0001
13	SPILL	1	0.0322	0.0081	0.0001
13	SPILL	1	0.0345	0.0089	0.0001
13	SPILL	1	0.0325	0.0085	0.0001
14	BUD	0	0.0346	0.0055	0.0001
14	BUD	0	0.0342	0.0047	0.0001
14	BUD	0	0.0302	0.0048	0.0001
14	BUD	0	0.0258	0.0045	0.0001
14	VRAK	0	0.0293	0.0047	0.0001
14	VELG	0	0.0285	0.0042	0.0001
14	SPILL	6	0.0616	0.0049	0.0290
14	SPILL	2	0.0409	0.0046	0.0081
14	SPILL	12	0.8046	0.0089	0.0725
14	SPILL	1	0.0335	0.0061	0.0001
14	SPILL	11	0.0542	0.0051	0.0202
14	SPILL	5	0.1250	0.0054	0.0899
14	SPILL	1	0.0288	0.0052	0.0001
14	SPILL	11	0.0996	0.0057	0.0586
14	SPILL	10	0.0761	0.0051	0.0417
14	SPILL	10	0.0793	0.0055	0.0468
14	SPILL	10	0.0787	0.0058	0.0493
14	SPILL	3	0.0894	0.0058	0.0555
14	SPILL	9	0.0679	0.0058	0.0353
14	SPILL	4	0.0482	0.0057	0.0157
14	SPILL	4	0.0424	0.0058	0.0132
14	SPILL	2	0.0348	0.0057	0.0076
14	SPILL	8	0.0408	0.0055	0.0130
14	SPILL	2	0.0738	0.0060	0.0365
14	SPILL	3	0.0413	0.0059	0.0115
14	SPILL	3	0.0409	0.0060	0.0121
14	SPILL	7	0.0398	0.0060	0.0124
14	SPILL	1	0.0304	0.0062	0.0002
14	SPILL	3	0.0438	0.0065	0.0115
14	SPILL	3	0.0395	0.0067	0.0095
14	SPILL	6	0.0349	0.0061	0.0082
14	SPILL	1	0.0284	0.0065	0.0002
14	SPILL	6	0.0470	0.0067	0.0135
14	SPILL	2	0.0407	0.0068	0.0081
14	SPILL	5	0.0568	0.0069	0.0315
14	SPILL	2	0.0380	0.0064	0.0076
14	SPILL	2	0.0726	0.0072	0.0363
14	SPILL	3	0.0438	0.0073	0.0115
14	SPILL	4	0.0350	0.0065	0.0066
14	SPILL	1	0.0334	0.0072	0.0002
14	SPILL	4	0.0482	0.0075	0.0123
14	SPILL	4	0.1049	0.0149	0.0662
14	SPILL	3	0.0361	0.0069	0.0060
14	SPILL	3	0.0812	0.0073	0.0460
14	SPILL	1	0.0289	0.0071	0.0001
14	SPILL	1	0.0318	0.0074	0.0023
14	SPILL	2	0.0489	0.0075	0.0124
14	SPILL	2	0.0403	0.0073	0.0077
14	SPILL	2	0.0391	0.0073	0.0081
14	SPILL	2	0.0700	0.0078	0.0335
14	SPILL	1	0.0289	0.0080	0.0001
14	SPILL	1	0.0339	0.0077	0.0000
14	SPILL	1	0.0301	0.0076	0.0000
14	SPILL	1	0.0296	0.0079	0.0000
14	BUD	0	0.0266	0.0042	0.0001
14	BUD	0	0.0281	0.0046	0.0001
14	BUD	0	0.0266	0.0043	0.0001
14	BUD	0	0.0442	0.0045	0.0001
14	BUD	0	0.0261	0.0042	0.0001
14	VRAK	0	0.0294	0.0048	0.0000
14	VELG	0	0.0279	0.0043	0.0001
14	SPILL	6	0.0620	0.0047	0.0296
14	SPILL	1	0.0295	0.0051	0.0001
14	SPILL	3	0.0442	0.0049	0.0121
14	SPILL	2	0.0392	0.0049	0.0080
14	SPILL	11	0.0645	0.0049	0.0183
14	SPILL	2	0.0367	0.0050	0.0069
14	SPILL	1	0.0263	0.0048	0.0001
14	SPILL	5	0.0488	0.0055	0.0153
14	SPILL	10	0.0737	0.0052	0.0414
14	SPILL	5	0.1321	0.0055	0.0900
14	SPILL	2	0.0367	0.0058	0.0081
14	SPILL	4	0.0417	0.0060	0.0124
14	SPILL	9	0.0424	0.0064	0.0126
14	SPILL	1	0.0317	0.0061	0.0001
14	SPILL	4	0.1116	0.0059	0.0821
14	SPILL	1	0.0294	0.0058	0.0001
14	SPILL	8	0.0418	0.0061	0.0115
14	SPILL	3	0.0902	0.0061	0.0530
14	SPILL	4	0.0565	0.0062	0.0115
14	SPILL	2	0.0731	0.0110	0.0379
14	SPILL	7	0.0908	0.0064	0.0377
14	SPILL	7	0.1612	0.0069	0.1228
14	SPILL	1	0.0303	0.0066	0.0001
14	SPILL	7	0.0684	0.0071	0.0296
14	SPILL	6	0.0644	0.0068	0.0315
14	SPILL	6	0.1407	0.0072	0.1034
14	SPILL	6	0.0559	0.0070	0.0233
14	SPILL	6	0.0576	0.0073	0.0243
14	SPILL	5	0.0579	0.0069	0.0242
14	SPILL	5	0.1315	0.0184	0.0947
14	SPILL	5	0.0522	0.0071	0.0189
14	SPILL	5	0.0543	0.0069	0.0195
14	SPILL	4	0.0656	0.0069	0.0174
14	SPILL	4	0.1081	0.0074	0.0673
14	SPILL	4	0.0478	0.0183	0.0144
14	SPILL	4	0.0471	0.0074	0.0157
14	SPILL	3	0.0377	0.0074	0.0074
14	SPILL	1	0.0319	0.0072	0.0001
14	SPILL	2	0.0415	0.0075	0.0079
14	SPILL	1	0.0287	0.0245	0.0001
14	SPILL	2	0.0401	0.0071	0.0057
14	SPILL	2	0.0768	0.0071	0.0350
14	SPILL	1	0.0301	0.0077	0.0000
14	SPILL	2	0.0722	0.0074	0.0305
14	SPILL	1	0.0458	0.0075	0.0000
14	SPILL	1	0.0326	0.0078	0.0001
14	SPILL	1	0.0454	0.0076	0.0001
14	SPILL	1	0.0437	0.0077	0.0001
14	BUD	0	0.0284	0.0045	0.0001
14	BUD	0	0.0283	0.0047	0.0001
14	BUD	0	0.0268	0.0042	0.0001
14	BUD	0	0.0290	0.0043	0.0000
14	VRAK	0	0.0299	0.0047	0.0000
14	VELG	0	0.0278	0.0041	0.0001
14	SPILL	5	0.0588	0.0049	0.0241
14	SPILL	2	0.0385	0.0054	0.0081
14	SPILL	3	0.0434	0.0049	0.0103
14	SPILL	1	0.0278	0.0047	0.0001
14	SPILL	11	0.0492	0.0047	0.0190
14	SPILL	4	0.1069	0.0053	0.0717
14	SPILL	1	0.0313	0.0051	0.0001
14	SPILL	2	0.0379	0.0051	0.0076
14	SPILL	10	0.0758	0.0057	0.0363
14	SPILL	2	0.0375	0.0060	0.0065
14	SPILL	5	0.1371	0.0059	0.1017
14	SPILL	2	0.0370	0.0059	0.0079
14	SPILL	9	0.0436	0.0052	0.0120
14	SPILL	9	0.1946	0.0063	0.1553
14	SPILL	4	0.0554	0.0070	0.0162
14	SPILL	2	0.0380	0.0062	0.0090
14	SPILL	8	0.0594	0.0057	0.0280
14	SPILL	8	0.0708	0.0064	0.0349
14	SPILL	1	0.0295	0.0064	0.0001
14	SPILL	1	0.0311	0.0064	0.0000
14	SPILL	7	0.0655	0.0079	0.0104
14	SPILL	7	0.1551	0.0070	0.1167
14	SPILL	2	0.0391	0.0063	0.0076
14	SPILL	1	0.0311	0.0064	0.0001
14	SPILL	6	0.0449	0.0063	0.0131
14	SPILL	4	0.0420	0.0063	0.0119
14	SPILL	2	0.0704	0.0069	0.0378
14	SPILL	2	0.0389	0.0068	0.0080
14	SPILL	5	0.0362	0.0072	0.0072
14	SPILL	1	0.0290	0.0065	0.0000
14	SPILL	1	0.0301	0.0078	0.0000
14	SPILL	2	0.0581	0.0067	0.0067
14	SPILL	4	0.0398	0.0251	0.0098
14	SPILL	1	0.0428	0.0096	0.0000
14	SPILL	4	0.0553	0.0094	0.0171
14	SPILL	1	0.0317	0.0073	0.0001
14	SPILL	3	0.0429	0.0073	0.0072
14	SPILL	3	0.0474	0.0071	0.0103
14	SPILL	3	0.0609	0.0088	0.0116
14	SPILL	3	0.0830	0.0078	0.0481
14	SPILL	2	0.0368	0.0072	0.0057
14	SPILL	1	0.0311	0.0073	0.0000
14	SPILL	2	0.0562	0.0092	0.0081
14	SPILL	2	0.0728	0.0082	0.0314
14	SPILL	1	0.0334	0.0084	0.0001
14	SPILL	1	0.0336	0.0080	0.0001
14	SPILL	1	0.0317	0.0079	0.0000
14	SPILL	1	0.0314	0.0095	0.0001
14	BUD	0	0.0292	0.0044	0.0001
14	BUD	0	0.0284	0.0043	0.0001
14	BUD	0	0.0291	0.0044	0.0000
14	BUD	0	0.0263	0.0045	0.0000
14	VRAK	0	0.0287	0.0045	0.0001
14	VELG	0	0.0267	0.0047	0.0000
14	SPILL	6	0.0601	0.0045	0.0283
14	SPILL	3	0.0428	0.0046	0.0123
14	SPILL	1	0.0289	0.0047	0.0001
14	SPILL	2	0.0380	0.0048	0.0081
14	SPILL	11	0.0491	0.0048	0.0185
14	SPILL	1	0.0282	0.0053	0.0001
14	SPILL	5	0.0452	0.0056	0.0137
14	SPILL	2	0.0362	0.0051	0.0072
14	SPILL	10	0.0741	0.0053	0.0414
14	SPILL	1	0.0298	0.0056	0.0001
14	SPILL	10	0.2523	0.0060	0.2064
14	SPILL	10	0.0812	0.0055	0.0492
14	SPILL	9	0.0655	0.0058	0.0355
14	SPILL	3	0.0391	0.0059	0.0090
14	SPILL	2	0.0383	0.0057	0.0080
14	SPILL	2	0.0732	0.0062	0.0405
14	SPILL	8	0.0382	0.0057	0.0112
14	SPILL	1	0.0304	0.0057	0.0000
14	SPILL	1	0.0306	0.0060	0.0000
14	SPILL	3	0.0416	0.0060	0.0091
14	SPILL	7	0.0648	0.0063	0.0320
14	SPILL	7	0.0609	0.0061	0.0290
14	SPILL	7	0.1674	0.0067	0.1321
14	SPILL	7	0.0655	0.0063	0.0308
14	SPILL	6	0.0585	0.0069	0.0250
14	SPILL	6	0.0559	0.0065	0.0231
14	SPILL	6	0.1507	0.0070	0.1118
14	SPILL	6	0.0607	0.0071	0.0245
14	SPILL	5	0.0566	0.0066	0.0247
14	SPILL	5	0.0499	0.0068	0.0179
14	SPILL	5	0.1290	0.0069	0.0923
14	SPILL	5	0.0498	0.0149	0.0186
14	SPILL	4	0.0565	0.0081	0.0228
14	SPILL	4	0.0470	0.0071	0.0142
14	SPILL	4	0.0987	0.0070	0.0734
14	SPILL	4	0.0447	0.0070	0.0145
14	SPILL	3	0.0519	0.0071	0.0152
14	SPILL	3	0.0428	0.0072	0.0111
14	SPILL	2	0.0687	0.0068	0.0357
14	SPILL	1	0.0294	0.0071	0.0001
14	SPILL	2	0.0343	0.0074	0.0039
14	SPILL	2	0.0396	0.0071	0.0060
14	SPILL	2	0.0461	0.0076	0.0081
14	SPILL	1	0.0305	0.0088	0.0001
14	SPILL	1	0.0303	0.0081	0.0000
14	SPILL	1	0.0292	0.0078	0.0000
14	SPILL	1	0.0312	0.0075	0.0000
14	SPILL	1	0.0293	0.0074	0.0000
14	BUD	0	0.0260	0.0042	0.0000
14	BUD	0	0.0274	0.0042	0.0001
14	BUD	0	0.0256	0.0041	0.0001
14	BUD	0	0.0361	0.0052	0.0001
14	BUD	0	0.0287	0.0046	0.0001
14	VRAK	0	0.0319	0.0050	0.0001
14	VELG	0	0.0278	0.0058	0.0001
14	SPILL	7	0.0676	0.0050	0.0318
14	SPILL	2	0.0403	0.0048	0.0075
14	SPILL	1	0.0278	0.0054	0.0000
14	SPILL	1	0.0293	0.0049	0.0000
14	SPILL	11	0.0533	0.0066	0.0184
14	SPILL	11	0.0937	0.0051	0.0576
14	SPILL	6	0.1435	0.0058	0.1058
14	SPILL	1	0.0300	0.0055	0.0001
14	SPILL	10	0.0892	0.0057	0.0475
14	SPILL	10	0.0813	0.0057	0.0493
14	SPILL	1	0.0307	0.0065	0.0001
14	SPILL	10	0.0845	0.0057	0.0497
14	SPILL	9	0.0726	0.0056	0.0383
14	SPILL	9	0.0803	0.0061	0.0410
14	SPILL	9	0.2271	0.0066	0.1891
14	SPILL	9	0.0736	0.0781	0.0454
14	SPILL	8	0.0703	0.0082	0.0340
14	SPILL	3	0.0414	0.0062	0.0091
14	SPILL	2	0.0805	0.0065	0.0371
14	SPILL	3	0.0427	0.0064	0.0110
14	SPILL	7	0.0388	0.0077	0.0104
14	SPILL	3	0.0401	0.0061	0.0087
14	SPILL	3	0.0416	0.0066	0.0099
14	SPILL	2	0.0388	0.0062	0.0078
14	SPILL	6	0.0675	0.0061	0.0300
14	SPILL	2	0.0417	0.0076	0.0081
14	SPILL	1	0.0297	0.0065	0.0001
14	SPILL	2	0.0417	0.0066	0.0082
14	SPILL	5	0.0734	0.0068	0.0292
14	SPILL	5	0.0529	0.0072	0.0183
14	SPILL	5	0.1208	0.0091	0.0854
14	SPILL	5	0.0518	0.0069	0.0176
14	SPILL	4	0.0591	0.0070	0.0221
14	SPILL	1	0.0315	0.0073	0.0001
14	SPILL	2	0.0755	0.0077	0.0371
14	SPILL	2	0.0518	0.0071	0.0081
14	SPILL	3	0.0533	0.0088	0.0208
14	SPILL	3	0.0444	0.0078	0.0103
14	SPILL	3	0.0911	0.0074	0.0495
14	SPILL	3	0.0415	0.0076	0.0105
14	SPILL	2	0.0462	0.0071	0.0129
14	SPILL	2	0.0394	0.0075	0.0073
14	SPILL	2	0.0655	0.0074	0.0300
14	SPILL	2	0.0394	0.0072	0.0075
14	SPILL	1	0.0304	0.0073	0.0001
14	SPILL	1	0.0325	0.0075	0.0001
14	SPILL	1	0.0308	0.0077	0.0001
14	SPILL	1	0.0302	0.0076	0.0001
15	BUD	0	0.0393	0.0047	0.0001
15	BUD	0	0.0294	0.0042	0.0001
15	BUD	0	0.0287	0.0045	0.0001
15	BUD	0	0.0353	0.0046	0.0001
15	BUD	0	0.0278	0.0044	0.0000
15	VRAK	0	0.0308	0.0057	0.0001
15	VELG	0	0.0288	0.0059	0.0001
15	SPILL	7	0.0704	0.0049	0.0332
15	SPILL	12	0.1042	0.0051	0.0697
15	SPILL	3	0.0430	0.0048	0.0120
15	SPILL	1	0.0291	0.0048	0.0001
15	SPILL	11	0.0535	0.0050	0.0186
15	SPILL	6	0.1567	0.0057	0.1082
15	SPILL	11	0.0905	0.0055	0.0583
15	SPILL	2	0.0376	0.0050	0.0072
15	SPILL	10	0.0848	0.0052	0.0483
15	SPILL	3	0.0399	0.0052	0.0089
15	SPILL	2	0.0374	0.0054	0.0082
15	SPILL	3	0.0439	0.0055	0.0292
15	SPILL	9	0.0418	0.0052	0.0141
15	SPILL	2	0.0373	0.0053	0.0067
15	SPILL	2	0.0741	0.0057	0.0363
15	SPILL	2	0.0375	0.0060	0.0080
15	SPILL	8	0.0397	0.0055	0.0112
15	SPILL	4	0.1054	0.0060	0.0717
15	SPILL	2	0.0400	0.0061	0.0079
15	SPILL	8	0.0558	0.0062	0.0488
15	SPILL	7	0.0751	0.0064	0.0375
15	SPILL	7	0.0660	0.0065	0.0286
15	SPILL	1	0.0301	0.0063	0.0001
15	SPILL	1	0.0348	0.0066	0.0001
15	SPILL	6	0.0701	0.0071	0.0333
15	SPILL	6	0.0570	0.0067	0.0245
15	SPILL	6	0.0556	0.0065	0.0226
15	SPILL	6	0.9472	0.0140	0.1125
15	SPILL	5	0.0628	0.0075	0.0261
15	SPILL	1	0.0318	0.0074	0.0001
15	SPILL	5	0.1308	0.0072	0.0902
15	SPILL	1	0.0444	0.0095	0.0001
15	SPILL	4	0.0441	0.0085	0.0062
15	SPILL	2	0.0763	0.0080	0.0338
15	SPILL	3	0.0445	0.0071	0.0128
15	SPILL	2	0.0395	0.0067	0.0080
15	SPILL	3	0.0548	0.0074	0.0290
15	SPILL	3	0.0452	0.0070	0.0108
15	SPILL	3	0.0415	0.0072	0.0109
15	SPILL	3	0.0829	0.0076	0.0479
15	SPILL	2	0.0467	0.0073	0.0127
15	SPILL	2	0.0399	0.0075	0.0084
15	SPILL	2	0.0372	0.0075	0.0079
15	SPILL	2	0.0633	0.0073	0.0317
15	SPILL	1	0.0294	0.0076	0.0001
15	SPILL	1	0.0320	0.0077	0.0001
15	SPILL	1	0.0299	0.0075	0.0001
15	SPILL	1	0.0319	0.0083	0.0001
15	BUD	0	0.0273	0.0041	0.0001
15	BUD	0	0.0290	0.0046	0.0001
15	BUD	0	0.0271	0.0041	0.0000
15	BUD	0	0.0258	0.0041	0.0001
15	VRAK	0	0.0311	0.0041	0.0001
15	VELG	0	0.0268	0.0038	0.0001
15	SPILL	5	0.0604	0.0049	0.0238
15	SPILL	3	0.0432	0.0143	0.0129
15	SPILL	2	0.0397	0.0047	0.0077
15	SPILL	1	0.0284	0.0050	0.0000
15	SPILL	11	0.0501	0.0049	0.0191
15	SPILL	4	0.1099	0.0052	0.0724
15	SPILL	2	0.0375	0.0126	0.0079
15	SPILL	1	0.0302	0.0051	0.0000
15	SPILL	10	0.0706	0.0053	0.0353
15	SPILL	1	0.0295	0.0053	0.0001
15	SPILL	10	0.0857	0.0057	0.0507
15	SPILL	1	0.0280	0.0055	0.0001
15	SPILL	9	0.0680	0.0056	0.0291
15	SPILL	9	0.0740	0.0060	0.0427
15	SPILL	9	0.0717	0.0059	0.0436
15	SPILL	9	0.2165	0.0058	0.1795
15	SPILL	8	0.0550	0.0068	0.0215
15	SPILL	2	0.0398	0.0061	0.0078
15	SPILL	2	0.0389	0.0059	0.0084
15	SPILL	4	0.1121	0.0058	0.0775
15	SPILL	7	0.0596	0.0065	0.0205
15	SPILL	4	0.0677	0.0139	0.0161
15	SPILL	1	0.0301	0.0065	0.0000
15	SPILL	4	0.1160	0.0070	0.0763
15	SPILL	6	0.0528	0.0066	0.0198
15	SPILL	1	0.0305	0.0069	0.0001
15	SPILL	1	0.0406	0.0075	0.0001
15	SPILL	3	0.0913	0.0070	0.0570
15	SPILL	5	0.0499	0.0078	0.0175
15	SPILL	5	0.0507	0.0069	0.0201
15	SPILL	5	0.0671	0.0070	0.0187
15	SPILL	2	0.0732	0.0063	0.0373
15	SPILL	4	0.0614	0.0069	0.0158
15	SPILL	4	0.0482	0.0074	0.0142
15	SPILL	4	0.0451	0.0068	0.0140
15	SPILL	1	0.0302	0.0070	0.0001
15	SPILL	3	0.0478	0.0072	0.0136
15	SPILL	3	0.0438	0.0073	0.0105
15	SPILL	3	0.0525	0.0071	0.0102
15	SPILL	3	0.0947	0.0075	0.0558
15	SPILL	2	0.0443	0.0073	0.0142
15	SPILL	2	0.0390	0.0072	0.0076
15	SPILL	2	0.0512	0.0073	0.0087
15	SPILL	2	0.0676	0.0077	0.0316
15	SPILL	1	0.0443	0.0076	0.0001
15	SPILL	1	0.0478	0.0081	0.0000
15	SPILL	1	0.0297	0.0088	0.0001
15	SPILL	1	0.0306	0.0079	0.0000
15	BUD	0	0.0264	0.0046	0.0000
15	BUD	0	0.0268	0.0042	0.0001
15	BUD	0	0.0287	0.0042	0.0000
15	BUD	0	0.0265	0.0044	0.0000
15	BUD	0	0.0343	0.0043	0.0000
15	VRAK	0	0.0298	0.0046	0.0000
15	VELG	0	0.0267	0.0042	0.0001
15	SPILL	6	0.0628	0.0136	0.0292
15	SPILL	3	0.0435	0.0047	0.0107
15	SPILL	1	0.0313	0.0044	0.0001
15	SPILL	2	0.0541	0.0050	0.0079
15	SPILL	11	0.0476	0.0047	0.0170
15	SPILL	1	0.0278	0.0045	0.0001
15	SPILL	5	0.0452	0.0054	0.0137
15	SPILL	2	0.0362	0.0050	0.0072
15	SPILL	10	0.0746	0.0052	0.0435
15	SPILL	1	0.0292	0.0054	0.0000
15	SPILL	10	0.2444	0.0162	0.2065
15	SPILL	10	0.0959	0.0055	0.0502
15	SPILL	9	0.0743	0.0064	0.0771
15	SPILL	9	0.0759	0.0059	0.0411
15	SPILL	9	0.2310	0.0061	0.1781
15	SPILL	9	0.0728	0.0062	0.0409
15	SPILL	8	0.0641	0.0063	0.0284
15	SPILL	2	0.0483	0.0059	0.0078
15	SPILL	3	0.0924	0.0065	0.0574
15	SPILL	2	0.0375	0.0058	0.0062
15	SPILL	7	0.0362	0.0057	0.0095
15	SPILL	7	0.0495	0.0061	0.0172
15	SPILL	1	0.0288	0.0064	0.0000
15	SPILL	2	0.0711	0.0064	0.0346
15	SPILL	6	0.0508	0.0060	0.0191
15	SPILL	1	0.0297	0.0063	0.0001
15	SPILL	3	0.0419	0.0065	0.0083
15	SPILL	3	0.0412	0.0067	0.0114
15	SPILL	5	0.0365	0.0066	0.0075
15	SPILL	2	0.0429	0.0070	0.0075
15	SPILL	4	0.0420	0.0067	0.0108
15	SPILL	5	0.0671	0.0220	0.0212
15	SPILL	4	0.0518	0.0084	0.0185
15	SPILL	4	0.0496	0.0071	0.0146
15	SPILL	1	0.0323	0.0073	0.0001
15	SPILL	1	0.0333	0.0072	0.0001
15	SPILL	3	0.0360	0.0077	0.0049
15	SPILL	3	0.0434	0.0070	0.0116
15	SPILL	3	0.0798	0.0071	0.0434
15	SPILL	3	0.0416	0.0074	0.0104
15	SPILL	2	0.0327	0.0071	0.0040
15	SPILL	2	0.0369	0.0075	0.0069
15	SPILL	2	0.0379	0.0080	0.0065
15	SPILL	2	0.0391	0.0076	0.0082
15	SPILL	1	0.0344	0.0076	0.0001
15	SPILL	1	0.0326	0.0073	0.0001
15	SPILL	1	0.0296	0.0081	0.0001
15	SPILL	1	0.0308	0.0075	0.0001
16	BUD	0	0.0342	0.0050	0.0001
16	BUD	0	0.0291	0.0047	0.0000
16	BUD	0	0.0274	0.0044	0.0001
16	BUD	0	0.0265	0.0046	0.0001
16	VRAK	0	0.0315	0.0051	0.0001
16	VELG	0	0.0270	0.0042	0.0001
16	SPILL	7	0.0684	0.0048	0.0333
16	SPILL	2	0.0425	0.0048	0.0078
16	SPILL	1	0.0283	0.0049	0.0001
16	SPILL	2	0.0381	0.0049	0.0074
16	SPILL	11	0.0438	0.0046	0.0130
16	SPILL	1	0.0260	0.0051	0.0001
16	SPILL	6	0.1353	0.0061	0.0986
16	SPILL	1	0.0413	0.0075	0.0001
16	SPILL	10	0.1316	0.0092	0.0109
16	SPILL	2	0.0390	0.0059	0.0059
16	SPILL	5	0.0434	0.0068	0.0128
16	SPILL	3	0.0406	0.0056	0.0103
16	SPILL	9	0.0737	0.0061	0.0392
16	SPILL	9	0.0678	0.0055	0.0371
16	SPILL	9	0.2176	0.0068	0.1644
16	SPILL	9	0.0671	0.0060	0.0372
16	SPILL	8	0.0683	0.0061	0.0347
16	SPILL	8	0.0638	0.0061	0.0297
16	SPILL	8	0.1861	0.0063	0.1495
16	SPILL	8	0.0729	0.0071	0.0314
16	SPILL	7	0.0704	0.0066	0.0356
16	SPILL	2	0.0763	0.0065	0.0069
16	SPILL	7	0.0611	0.0061	0.0298
16	SPILL	1	0.0300	0.0065	0.0001
16	SPILL	6	0.0457	0.0071	0.0090
16	SPILL	6	0.0504	0.0066	0.0161
16	SPILL	1	0.0294	0.0065	0.0001
16	SPILL	3	0.0927	0.0070	0.0531
16	SPILL	5	0.0573	0.0066	0.0247
16	SPILL	1	0.0381	0.0085	0.0001
16	SPILL	5	0.1387	0.0080	0.0924
16	SPILL	5	0.0580	0.0073	0.0184
16	SPILL	4	0.0559	0.0076	0.0218
16	SPILL	4	0.0483	0.0069	0.0146
16	SPILL	4	0.1094	0.0078	0.0729
16	SPILL	4	0.0468	0.0076	0.0138
16	SPILL	3	0.0483	0.0078	0.0142
16	SPILL	3	0.0420	0.0068	0.0101
16	SPILL	3	0.0889	0.0071	0.0525
16	SPILL	3	0.0489	0.0068	0.0106
16	SPILL	2	0.0455	0.0068	0.0136
16	SPILL	2	0.0384	0.0072	0.0073
16	SPILL	2	0.0673	0.0072	0.0336
16	SPILL	2	0.0375	0.0069	0.0075
16	SPILL	1	0.0291	0.0146	0.0000
16	SPILL	1	0.0321	0.0077	0.0000
16	SPILL	1	0.0301	0.0073	0.0001
16	SPILL	1	0.0290	0.0068	0.0001
16	BUD	0	0.0258	0.0041	0.0001
16	BUD	0	0.0270	0.0117	0.0001
16	BUD	0	0.0261	0.0040	0.0001
16	BUD	0	0.0276	0.0042	0.0001
16	BUD	0	0.0255	0.0104	0.0001
16	VRAK	0	0.0294	0.0044	0.0000
16	VELG	0	0.0362	0.0055	0.0001
16	SPILL	8	0.0710	0.0048	0.0394
16	SPILL	1	0.0323	0.0053	0.0001
16	SPILL	2	0.0413	0.0047	0.0085
16	SPILL	1	0.0297	0.0048	0.0001
16	SPILL	11	0.0525	0.0063	0.0177
16	SPILL	1	0.0290	0.0054	0.0001
16	SPILL	11	0.2994	0.0068	0.2449
16	SPILL	7	0.0518	0.0056	0.0185
16	SPILL	10	0.0870	0.0054	0.0523
16	SPILL	10	0.2494	0.0064	0.2003
16	SPILL	10	0.0841	0.0060	0.0501
16	SPILL	10	0.0822	0.0056	0.0516
16	SPILL	9	0.0797	0.0054	0.0448
16	SPILL	9	0.2274	0.0061	0.1981
16	SPILL	9	0.0756	0.0054	0.0434
16	SPILL	9	0.0737	0.0053	0.0420
16	SPILL	8	0.0760	0.0055	0.0390
16	SPILL	8	0.1979	0.0062	0.1579
16	SPILL	8	0.0756	0.0060	0.0346
16	SPILL	8	0.0670	0.0061	0.0349
16	SPILL	7	0.0680	0.0058	0.0335
16	SPILL	7	0.1641	0.0080	0.1249
16	SPILL	7	0.0598	0.0062	0.0290
16	SPILL	7	0.0676	0.0063	0.0286
16	SPILL	6	0.0595	0.0068	0.0251
16	SPILL	2	0.0743	0.0065	0.0376
16	SPILL	1	0.0301	0.0066	0.0000
16	SPILL	1	0.0305	0.0064	0.0001
16	SPILL	5	0.0588	0.0064	0.0243
16	SPILL	1	0.0313	0.0071	0.0001
16	SPILL	5	0.0539	0.0068	0.0181
16	SPILL	5	0.0490	0.0067	0.0195
16	SPILL	4	0.0367	0.0068	0.0064
16	SPILL	3	0.0399	0.0067	0.0094
16	SPILL	2	0.0700	0.0068	0.0385
16	SPILL	4	0.0450	0.0072	0.0100
16	SPILL	3	0.0506	0.0065	0.0151
16	SPILL	1	0.0384	0.0072	0.0001
16	SPILL	1	0.0318	0.0070	0.0000
16	SPILL	2	0.0397	0.0069	0.0080
16	SPILL	2	0.0456	0.0098	0.0137
16	SPILL	2	0.0720	0.0074	0.0355
16	SPILL	2	0.0414	0.0091	0.0076
16	SPILL	1	0.0309	0.0075	0.0001
16	SPILL	1	0.0320	0.0075	0.0001
16	SPILL	1	0.0308	0.0078	0.0000
16	SPILL	1	0.0311	0.0087	0.0000
16	SPILL	1	0.0358	0.0076	0.0001
17	BUD	0	0.0360	0.0065	0.0001
17	BUD	0	0.0291	0.0047	0.0000
17	BUD	0	0.0255	0.0043	0.0001
17	BUD	0	0.0260	0.0038	0.0001
17	VRAK	0	0.0285	0.0045	0.0001
17	VELG	0	0.0291	0.0046	0.0000
17	SPILL	5	0.0612	0.0046	0.0239
17	SPILL	4	0.0462	0.0055	0.0139
17	SPILL	1	0.0292	0.0045	0.0001
17	SPILL	1	0.0278	0.0049	0.0001
17	SPILL	11	0.0482	0.0044	0.0187
17	SPILL	4	0.1058	0.0060	0.0712
17	SPILL	3	0.0396	0.0051	0.0095
17	SPILL	11	0.0901	0.0051	0.0589
17	SPILL	10	0.0683	0.0049	0.0377
17	SPILL	2	0.0352	0.0050	0.0064
17	SPILL	3	0.0969	0.0058	0.0560
17	SPILL	3	0.0400	0.0054	0.0084
17	SPILL	9	0.0390	0.0073	0.0130
17	SPILL	3	0.0883	0.0238	0.0533
17	SPILL	2	0.0403	0.0055	0.0075
17	SPILL	5	0.0504	0.0058	0.0206
17	SPILL	8	0.7783	0.0132	0.0411
17	SPILL	1	0.0359	0.0066	0.0001
17	SPILL	2	0.0747	0.0062	0.0369
17	SPILL	2	0.0372	0.0061	0.0063
17	SPILL	7	0.0387	0.0056	0.0102
17	SPILL	2	0.0713	0.0063	0.0349
17	SPILL	7	0.0477	0.0061	0.0173
17	SPILL	1	0.0356	0.0068	0.0000
17	SPILL	6	0.0443	0.0067	0.0090
17	SPILL	2	0.0738	0.0064	0.0356
17	SPILL	3	0.0430	0.0066	0.0121
17	SPILL	6	0.0476	0.0063	0.0175
17	SPILL	5	0.0564	0.0068	0.0237
17	SPILL	1	0.0319	0.0071	0.0001
17	SPILL	5	0.0525	0.0066	0.0187
17	SPILL	1	0.0292	0.0067	0.0001
17	SPILL	4	0.0496	0.0067	0.0161
17	SPILL	1	0.0308	0.0068	0.0000
17	SPILL	3	0.0455	0.0071	0.0116
17	SPILL	2	0.0704	0.0071	0.0364
17	SPILL	3	0.0471	0.0070	0.0144
17	SPILL	3	0.0430	0.0078	0.0104
17	SPILL	3	0.0418	0.0071	0.0104
17	SPILL	3	0.0876	0.0073	0.0530
17	SPILL	2	0.0516	0.0069	0.0125
17	SPILL	2	0.0416	0.0072	0.0072
17	SPILL	2	0.0441	0.0072	0.0068
17	SPILL	2	0.0653	0.0144	0.0300
17	SPILL	1	0.0505	0.0083	0.0001
17	SPILL	1	0.0385	0.0076	0.0000
17	SPILL	1	0.0309	0.0072	0.0001
17	SPILL	1	0.0292	0.0080	0.0000
17	BUD	0	0.0280	0.0041	0.0001
17	BUD	0	0.0283	0.0043	0.0001
17	BUD	0	0.0264	0.0041	0.0001
17	BUD	0	0.0265	0.0038	0.0000
17	BUD	0	0.0324	0.0039	0.0001
17	VRAK	0	0.0349	0.0047	0.0001
17	VELG	0	0.0297	0.0042	0.0001
17	SPILL	5	0.0849	0.0053	0.0267
17	SPILL	1	0.0294	0.0044	0.0000
17	SPILL	1	0.0491	0.0055	0.0001
17	SPILL	2	0.0407	0.0118	0.0094
17	SPILL	11	0.0511	0.0051	0.0193
17	SPILL	11	0.0907	0.0058	0.0581
17	SPILL	1	0.0353	0.0061	0.0000
17	SPILL	4	0.0453	0.0063	0.0107
17	SPILL	10	0.0692	0.0061	0.0377
17	SPILL	2	0.0717	0.0058	0.0385
17	SPILL	2	0.0368	0.0063	0.0070
17	SPILL	5	0.1387	0.0059	0.1034
17	SPILL	9	0.0433	0.0052	0.0116
17	SPILL	1	0.0309	0.0068	0.0001
17	SPILL	1	0.0327	0.0057	0.0001
17	SPILL	3	0.0472	0.0065	0.0112
17	SPILL	8	0.0616	0.0069	0.0114
17	SPILL	4	0.1227	0.0058	0.0721
17	SPILL	3	0.0416	0.0057	0.0089
17	SPILL	1	0.0435	0.0066	0.0000
17	SPILL	7	0.0783	0.0063	0.0328
17	SPILL	3	0.0931	0.0064	0.0533
17	SPILL	7	0.0618	0.0066	0.0300
17	SPILL	7	0.0591	0.0059	0.0299
17	SPILL	6	0.0576	0.0063	0.0262
17	SPILL	2	0.0665	0.0062	0.0331
17	SPILL	6	0.0617	0.0065	0.0244
17	SPILL	6	0.0549	0.0072	0.0237
17	SPILL	5	0.0524	0.0065	0.0183
17	SPILL	5	0.1242	0.0071	0.0858
17	SPILL	5	0.0546	0.0067	0.0183
17	SPILL	2	0.0549	0.0067	0.0077
17	SPILL	4	0.0483	0.0064	0.0165
17	SPILL	4	0.1189	0.0069	0.0705
17	SPILL	4	0.0474	0.0071	0.0151
17	SPILL	1	0.0289	0.0066	0.0001
17	SPILL	3	0.0542	0.0067	0.0156
17	SPILL	1	0.0286	0.0072	0.0001
17	SPILL	1	0.0303	0.0066	0.0001
17	SPILL	3	0.0446	0.0088	0.0115
17	SPILL	2	0.0423	0.0156	0.0135
17	SPILL	2	0.0669	0.0072	0.0323
17	SPILL	2	0.0376	0.0068	0.0074
17	SPILL	2	0.0420	0.0070	0.0076
17	SPILL	1	0.0277	0.0070	0.0000
17	SPILL	1	0.0472	0.0073	0.0000
17	SPILL	1	0.0370	0.0075	0.0000
17	SPILL	1	0.0320	0.0070	0.0000
17	BUD	0	0.0278	0.0040	0.0001
17	BUD	0	0.0301	0.0041	0.0000
17	BUD	0	0.0262	0.0043	0.0000
17	BUD	0	0.0259	0.0056	0.0000
17	VRAK	0	0.0283	0.0043	0.0001
17	VELG	0	0.0268	0.0041	0.0000
17	SPILL	6	0.0584	0.0043	0.0286
17	SPILL	1	0.0364	0.0048	0.0000
17	SPILL	2	0.0399	0.0051	0.0085
17	SPILL	2	0.0398	0.0043	0.0097
17	SPILL	11	0.0570	0.0057	0.0175
17	SPILL	1	0.0442	0.0047	0.0001
17	SPILL	1	0.0288	0.0058	0.0001
17	SPILL	5	0.0500	0.0051	0.0167
17	SPILL	10	0.0406	0.0047	0.0126
17	SPILL	4	0.1443	0.0067	0.0741
17	SPILL	1	0.0332	0.0060	0.0000
17	SPILL	3	0.0991	0.0061	0.0593
17	SPILL	9	0.0844	0.0055	0.0396
17	SPILL	3	0.0914	0.0067	0.0555
17	SPILL	5	0.0534	0.0057	0.0198
17	SPILL	3	0.0436	0.0055	0.0114
17	SPILL	8	0.0891	0.0057	0.0389
17	SPILL	1	0.0294	0.0056	0.0001
17	SPILL	8	0.0705	0.0059	0.0336
17	SPILL	8	0.0832	0.0065	0.0350
17	SPILL	7	0.0673	0.0063	0.0329
17	SPILL	7	0.1748	0.0067	0.1258
17	SPILL	7	0.0607	0.0062	0.0279
17	SPILL	7	0.0618	0.0068	0.0284
17	SPILL	6	0.0614	0.0063	0.0261
17	SPILL	2	0.0712	0.0065	0.0351
17	SPILL	2	0.0373	0.0067	0.0067
17	SPILL	3	0.0930	0.0070	0.0562
17	SPILL	5	0.0845	0.0072	0.0077
17	SPILL	1	0.0348	0.0225	0.0000
17	SPILL	5	0.0496	0.0072	0.0131
17	SPILL	2	0.0793	0.0072	0.0367
17	SPILL	4	0.0502	0.0072	0.0161
17	SPILL	1	0.0315	0.0074	0.0000
17	SPILL	1	0.0320	0.0067	0.0001
17	SPILL	2	0.0395	0.0073	0.0065
17	SPILL	3	0.0361	0.0074	0.0046
17	SPILL	3	0.0413	0.0071	0.0077
17	SPILL	2	0.0711	0.0077	0.0323
17	SPILL	2	0.0411	0.0072	0.0079
17	SPILL	2	0.0653	0.0075	0.0056
17	SPILL	2	0.0681	0.0073	0.0310
17	SPILL	2	0.0400	0.0076	0.0074
17	SPILL	1	0.0306	0.0074	0.0001
17	SPILL	1	0.0317	0.0080	0.0001
17	SPILL	1	0.0317	0.0078	0.0001
17	SPILL	1	0.0300	0.0077	0.0001
17	SPILL	1	0.0297	0.0077	0.0000
17	BUD	0	0.0272	0.0045	0.0000
17	BUD	0	0.0283	0.0043	0.0001
17	BUD	0	0.0264	0.0047	0.0001
17	BUD	0	0.0272	0.0044	0.0001
17	VRAK	0	0.0305	0.0044	0.0001
17	VELG	0	0.0275	0.0215	0.0001
17	SPILL	7	0.0665	0.0047	0.0312
17	SPILL	1	0.0291	0.0048	0.0000
17	SPILL	1	0.0284	0.0049	0.0001
17	SPILL	1	0.0298	0.0046	0.0001
17	SPILL	11	0.0501	0.0046	0.0205
17	SPILL	11	0.0898	0.0049	0.0555
17	SPILL	6	0.1453	0.0054	0.1153
17	SPILL	11	0.0902	0.0056	0.0576
17	SPILL	10	0.1084	0.0049	0.0465
17	SPILL	10	0.0803	0.0054	0.0472
17	SPILL	2	0.6995	0.0125	0.0394
17	SPILL	10	0.0879	0.0061	0.0506
17	SPILL	9	0.0752	0.0057	0.0402
17	SPILL	2	0.0398	0.0054	0.0087
17	SPILL	1	0.0294	0.0055	0.0001
17	SPILL	4	0.0480	0.0055	0.0157
17	SPILL	8	0.1104	0.0070	0.0411
17	SPILL	3	0.0483	0.0067	0.0113
17	SPILL	4	0.1178	0.0064	0.0803
17	SPILL	3	0.0427	0.0070	0.0115
17	SPILL	7	0.0716	0.0063	0.0481
17	SPILL	7	0.0619	0.0071	0.0285
17	SPILL	1	0.0297	0.0062	0.0001
17	SPILL	7	0.0671	0.0066	0.0302
17	SPILL	6	0.0704	0.0062	0.0325
17	SPILL	6	0.0574	0.0065	0.0234
17	SPILL	6	0.1387	0.0064	0.1049
17	SPILL	6	0.0566	0.0075	0.0238
17	SPILL	5	0.0598	0.0065	0.0254
17	SPILL	1	0.0311	0.0071	0.0001
17	SPILL	5	0.1361	0.0068	0.0964
17	SPILL	3	0.0468	0.0072	0.0125
17	SPILL	4	0.0557	0.0068	0.0220
17	SPILL	3	0.0443	0.0070	0.0113
17	SPILL	1	0.0300	0.0067	0.0001
17	SPILL	4	0.0492	0.0072	0.0141
17	SPILL	3	0.0546	0.0085	0.0206
17	SPILL	3	0.0448	0.0070	0.0099
17	SPILL	3	0.0905	0.0069	0.0530
17	SPILL	3	0.0424	0.0070	0.0102
17	SPILL	2	0.0522	0.0071	0.0130
17	SPILL	1	0.0292	0.0072	0.0000
17	SPILL	2	0.0725	0.0076	0.0342
17	SPILL	2	0.0367	0.0073	0.0076
17	SPILL	1	0.0285	0.0075	0.0001
17	SPILL	1	0.0318	0.0078	0.0001
17	SPILL	1	0.0292	0.0082	0.0001
17	SPILL	1	0.0304	0.0078	0.0001
18	BUD	0	0.0330	0.0050	0.0001
18	BUD	0	0.0333	0.0048	0.0000
18	BUD	0	0.0318	0.0046	0.0001
18	BUD	0	0.0262	0.0044	0.0000
18	BUD	0	0.0236	0.0041	0.0000
18	VRAK	0	0.0283	0.0057	0.0001
18	VELG	0	0.0255	0.0043	0.0000
18	SPILL	7	0.0600	0.0045	0.0276
18	SPILL	1	0.0275	0.0042	0.0001
18	SPILL	1	0.0265	0.0057	0.0000
18	SPILL	3	0.0409	0.0045	0.0104
18	SPILL	11	0.0450	0.0053	0.0127
18	SPILL	11	0.0814	0.0051	0.0487
18	SPILL	2	0.0338	0.0050	0.0057
18	SPILL	6	0.0459	0.0050	0.0147
18	SPILL	10	0.0740	0.0048	0.0404
18	SPILL	3	0.0854	0.0056	0.0519
18	SPILL	4	0.0427	0.0054	0.0134
18	SPILL	3	0.0365	0.0063	0.0079
18	SPILL	9	0.0372	0.0049	0.0103
18	SPILL	4	0.0407	0.0052	0.0096
18	SPILL	4	0.1033	0.0053	0.0694
18	SPILL	3	0.0396	0.0052	0.0100
18	SPILL	8	0.0362	0.0055	0.0100
18	SPILL	3	0.0366	0.0126	0.0082
18	SPILL	2	0.0708	0.0059	0.0353
18	SPILL	8	0.0474	0.0071	0.0165
18	SPILL	7	0.0647	0.0058	0.0334
18	SPILL	7	0.1551	0.0073	0.1170
18	SPILL	7	0.0582	0.0062	0.0295
18	SPILL	1	0.0281	0.0061	0.0001
18	SPILL	6	0.0690	0.0064	0.0317
18	SPILL	6	0.1391	0.0065	0.1031
18	SPILL	6	0.0567	0.0064	0.0247
18	SPILL	6	0.0559	0.0069	0.0233
18	SPILL	5	0.0600	0.0062	0.0235
18	SPILL	5	0.1214	0.0079	0.0848
18	SPILL	5	0.0489	0.0064	0.0188
18	SPILL	5	0.0505	0.0067	0.0178
18	SPILL	4	0.0489	0.0079	0.0166
18	SPILL	4	0.1012	0.0065	0.0643
18	SPILL	4	0.0435	0.0066	0.0141
18	SPILL	4	0.0440	0.0064	0.0144
18	SPILL	3	0.0359	0.0068	0.0074
18	SPILL	1	0.0304	0.0073	0.0001
18	SPILL	3	0.0455	0.0072	0.0108
18	SPILL	1	0.0295	0.0074	0.0001
18	SPILL	2	0.0411	0.0071	0.0056
18	SPILL	2	0.0657	0.0082	0.0312
18	SPILL	2	0.0367	0.0071	0.0070
18	SPILL	2	0.0399	0.0072	0.0072
18	SPILL	1	0.0299	0.0076	0.0000
18	SPILL	1	0.0304	0.0085	0.0000
18	SPILL	1	0.0295	0.0073	0.0001
18	SPILL	1	0.0300	0.0073	0.0001
18	BUD	0	0.0268	0.0043	0.0000
18	BUD	0	0.0287	0.0044	0.0001
18	BUD	0	0.0270	0.0041	0.0001
18	BUD	0	0.0257	0.0040	0.0000
18	VRAK	0	0.0294	0.0055	0.0001
18	VELG	0	0.0265	0.0038	0.0001
18	SPILL	5	0.0569	0.0043	0.0240
18	SPILL	1	0.0299	0.0045	0.0000
18	SPILL	12	0.0999	0.0048	0.0663
18	SPILL	3	0.0404	0.0054	0.0114
18	SPILL	11	0.0508	0.0049	0.0191
18	SPILL	11	0.0877	0.0051	0.0568
18	SPILL	2	0.0349	0.0045	0.0066
18	SPILL	4	0.0512	0.0056	0.0127
18	SPILL	10	0.0747	0.0057	0.0362
18	SPILL	3	0.0918	0.0055	0.0542
18	SPILL	10	0.0828	0.0055	0.0482
18	SPILL	1	0.0296	0.0053	0.0001
18	SPILL	9	0.0569	0.0067	0.0121
18	SPILL	9	0.0588	0.0064	0.0224
18	SPILL	3	0.0963	0.0060	0.0579
18	SPILL	3	0.0425	0.0059	0.0124
18	SPILL	8	0.0613	0.0059	0.0228
18	SPILL	2	0.0695	0.0132	0.0355
18	SPILL	8	0.0667	0.0057	0.0337
18	SPILL	8	0.0653	0.0059	0.0353
18	SPILL	7	0.0442	0.0057	0.0155
18	SPILL	1	0.0308	0.0063	0.0000
18	SPILL	2	0.0414	0.0061	0.0077
18	SPILL	3	0.0406	0.0064	0.0125
18	SPILL	6	0.0411	0.0060	0.0124
18	SPILL	6	0.1357	0.0067	0.0956
18	SPILL	1	0.0303	0.0064	0.0001
18	SPILL	2	0.0415	0.0067	0.0080
18	SPILL	5	0.0437	0.0067	0.0103
18	SPILL	5	0.1199	0.0070	0.0807
18	SPILL	5	0.0483	0.0070	0.0190
18	SPILL	1	0.0365	0.0071	0.0001
18	SPILL	4	0.0417	0.0065	0.0085
18	SPILL	4	0.1019	0.0074	0.0613
18	SPILL	4	0.0485	0.0082	0.0150
18	SPILL	4	0.0453	0.0071	0.0140
18	SPILL	3	0.0388	0.0069	0.0072
18	SPILL	3	0.0796	0.0072	0.0436
18	SPILL	3	0.0415	0.0083	0.0107
18	SPILL	3	0.0411	0.0094	0.0101
18	SPILL	2	0.0362	0.0071	0.0054
18	SPILL	2	0.0636	0.0073	0.0313
18	SPILL	2	0.0385	0.0077	0.0080
18	SPILL	2	0.0400	0.0074	0.0074
18	SPILL	1	0.0287	0.0075	0.0000
18	SPILL	1	0.0311	0.0077	0.0001
18	SPILL	1	0.0313	0.0078	0.0001
18	SPILL	1	0.0294	0.0074	0.0001
18	BUD	0	0.0334	0.0049	0.0000
18	BUD	0	0.0277	0.0042	0.0001
18	BUD	0	0.0271	0.0043	0.0001
18	BUD	0	0.0274	0.0043	0.0000
18	VRAK	0	0.0311	0.0051	0.0001
18	VELG	0	0.0284	0.0043	0.0001
18	SPILL	5	0.0573	0.0041	0.0249
18	SPILL	3	0.0419	0.0044	0.0104
18	SPILL	2	0.0376	0.0045	0.0076
18	SPILL	1	0.0274	0.0042	0.0001
18	SPILL	11	0.0502	0.0046	0.0174
18	SPILL	4	0.1092	0.0055	0.0732
18	SPILL	2	0.0363	0.0051	0.0070
18	SPILL	1	0.0267	0.0057	0.0001
18	SPILL	10	0.0437	0.0052	0.0136
18	SPILL	3	0.0858	0.0050	0.0513
18	SPILL	1	0.0561	0.0057	0.0000
18	SPILL	10	0.0851	0.0059	0.0527
18	SPILL	9	0.0414	0.0074	0.0112
18	SPILL	4	0.1044	0.0063	0.0672
18	SPILL	3	0.0412	0.0056	0.0108
18	SPILL	2	0.0371	0.0058	0.0080
18	SPILL	8	0.0609	0.0052	0.0278
18	SPILL	2	0.0373	0.0056	0.0065
18	SPILL	1	0.0289	0.0058	0.0000
18	SPILL	2	0.0430	0.0063	0.0079
18	SPILL	7	0.0394	0.0060	0.0092
18	SPILL	3	0.0419	0.0071	0.0118
18	SPILL	7	0.0479	0.0064	0.0170
18	SPILL	2	0.0737	0.0065	0.0375
18	SPILL	6	0.0383	0.0079	0.0084
18	SPILL	2	0.0461	0.0068	0.0071
18	SPILL	6	0.1342	0.0085	0.0974
18	SPILL	1	0.0296	0.0067	0.0000
18	SPILL	5	0.0515	0.0068	0.0188
18	SPILL	5	0.0504	0.0065	0.0187
18	SPILL	5	0.0513	0.0064	0.0190
18	SPILL	5	0.1186	0.0079	0.0845
18	SPILL	4	0.0405	0.0075	0.0091
18	SPILL	3	0.0425	0.0070	0.0111
18	SPILL	3	0.0426	0.0068	0.0113
18	SPILL	3	0.0837	0.0067	0.0502
18	SPILL	3	0.0388	0.0066	0.0069
18	SPILL	1	0.0308	0.0065	0.0000
18	SPILL	3	0.0451	0.0070	0.0105
18	SPILL	1	0.0298	0.0070	0.0001
18	SPILL	2	0.0371	0.0080	0.0052
18	SPILL	2	0.0399	0.0078	0.0078
18	SPILL	1	0.0289	0.0067	0.0000
18	SPILL	2	0.0674	0.0069	0.0312
18	SPILL	1	0.0296	0.0069	0.0001
18	SPILL	1	0.0305	0.0073	0.0001
18	SPILL	1	0.0286	0.0072	0.0001
18	SPILL	1	0.0301	0.0074	0.0001
18	BUD	0	0.0264	0.0044	0.0000
18	BUD	0	0.0332	0.0049	0.0001
18	BUD	0	0.0266	0.0040	0.0001
18	BUD	0	0.0270	0.0045	0.0000
18	VRAK	0	0.0281	0.0045	0.0000
18	VELG	0	0.0269	0.0043	0.0001
18	SPILL	5	0.0569	0.0040	0.0258
18	SPILL	3	0.0406	0.0047	0.0104
18	SPILL	3	0.0393	0.0045	0.0111
18	SPILL	1	0.0279	0.0044	0.0001
18	SPILL	11	0.0710	0.0053	0.0195
18	SPILL	4	0.1700	0.0062	0.0725
18	SPILL	2	0.0366	0.0063	0.0074
18	SPILL	2	0.0363	0.0049	0.0071
18	SPILL	10	0.0680	0.0049	0.0359
18	SPILL	1	0.0288	0.0051	0.0001
18	SPILL	1	0.0293	0.0054	0.0000
18	SPILL	10	0.2474	0.0091	0.2103
18	SPILL	9	0.0652	0.0056	0.0300
18	SPILL	5	0.0458	0.0053	0.0140
18	SPILL	3	0.1049	0.0066	0.0584
18	SPILL	1	0.0325	0.0058	0.0001
18	SPILL	8	0.0435	0.0061	0.0115
18	SPILL	2	0.0761	0.0082	0.0370
18	SPILL	8	0.0713	0.0061	0.0389
18	SPILL	2	0.0615	0.0092	0.0073
18	SPILL	7	0.0429	0.0067	0.0098
18	SPILL	1	0.0339	0.0086	0.0001
18	SPILL	7	0.0684	0.0068	0.0331
18	SPILL	1	0.0314	0.0069	0.0001
18	SPILL	6	0.0648	0.0065	0.0256
18	SPILL	4	0.0471	0.0062	0.0114
18	SPILL	3	0.0866	0.0067	0.0513
18	SPILL	2	0.0389	0.0064	0.0078
18	SPILL	5	0.0721	0.0068	0.0070
18	SPILL	4	0.0486	0.0084	0.0161
18	SPILL	5	0.0491	0.0073	0.0145
18	SPILL	5	0.1430	0.0072	0.0930
18	SPILL	4	0.0364	0.0068	0.0060
18	SPILL	3	0.0451	0.0069	0.0117
18	SPILL	4	0.0439	0.0071	0.0112
18	SPILL	4	0.1071	0.0069	0.0710
18	SPILL	3	0.0366	0.0071	0.0048
18	SPILL	2	0.0418	0.0072	0.0072
18	SPILL	3	0.0811	0.0072	0.0434
18	SPILL	3	0.0445	0.0074	0.0105
18	SPILL	2	0.0402	0.0074	0.0039
18	SPILL	2	0.0665	0.0072	0.0293
18	SPILL	2	0.0386	0.0082	0.0072
18	SPILL	2	0.0379	0.0071	0.0075
18	SPILL	1	0.0288	0.0073	0.0000
18	SPILL	1	0.0305	0.0079	0.0000
18	SPILL	1	0.0296	0.0076	0.0001
18	SPILL	1	0.0287	0.0078	0.0000
19	BUD	0	0.0350	0.0052	0.0001
19	BUD	0	0.0364	0.0054	0.0000
19	BUD	0	0.0285	0.0047	0.0001
19	BUD	0	0.0271	0.0046	0.0000
19	BUD	0	0.0261	0.0042	0.0000
19	VRAK	0	0.0321	0.0048	0.0001
19	VELG	0	0.0268	0.0043	0.0001
19	SPILL	7	0.0677	0.0045	0.0340
19	SPILL	1	0.0300	0.0049	0.0000
19	SPILL	2	0.0399	0.0046	0.0083
19	SPILL	2	0.0389	0.0046	0.0079
19	SPILL	11	0.0480	0.0045	0.0183
19	SPILL	1	0.0286	0.0055	0.0001
19	SPILL	1	0.0285	0.0051	0.0000
19	SPILL	6	0.0504	0.0055	0.0171
19	SPILL	10	0.0833	0.0050	0.0467
19	SPILL	10	0.2428	0.0058	0.2049
19	SPILL	10	0.0784	0.0054	0.0484
19	SPILL	10	0.0808	0.0059	0.0478
19	SPILL	9	0.0745	0.0060	0.0407
19	SPILL	9	0.2289	0.0063	0.1889
19	SPILL	9	0.0724	0.0057	0.0427
19	SPILL	9	0.0717	0.0056	0.0414
19	SPILL	8	0.0661	0.0059	0.0347
19	SPILL	1	0.0299	0.0059	0.0001
19	SPILL	3	0.0436	0.0061	0.0114
19	SPILL	2	0.0389	0.0059	0.0077
19	SPILL	7	0.0368	0.0058	0.0095
19	SPILL	7	0.0504	0.0062	0.0164
19	SPILL	2	0.0823	0.0073	0.0405
19	SPILL	2	0.0419	0.0072	0.0092
19	SPILL	6	0.0710	0.0079	0.0259
19	SPILL	6	0.1494	0.0078	0.1133
19	SPILL	6	0.0647	0.6686	0.0336
19	SPILL	6	0.0879	0.0119	0.0378
19	SPILL	5	0.0534	0.0077	0.0178
19	SPILL	5	0.1345	0.0067	0.0939
19	SPILL	2	0.0382	0.0077	0.0086
19	SPILL	5	0.0509	0.0070	0.0191
19	SPILL	4	0.0504	0.0070	0.0171
19	SPILL	4	0.1106	0.0069	0.0720
19	SPILL	1	0.0308	0.0071	0.0001
19	SPILL	4	0.0489	0.0069	0.0140
19	SPILL	3	0.0480	0.0070	0.0174
19	SPILL	3	0.0873	0.0080	0.0602
19	SPILL	3	0.0412	0.0072	0.0102
19	SPILL	3	0.0407	0.0069	0.0104
19	SPILL	2	0.0454	0.0074	0.0133
19	SPILL	2	0.0696	0.0070	0.0342
19	SPILL	2	0.0365	0.0072	0.0078
19	SPILL	2	0.0368	0.0073	0.0076
19	SPILL	1	0.0289	0.0077	0.0000
19	SPILL	1	0.0309	0.0074	0.0001
19	SPILL	1	0.0286	0.0076	0.0000
19	SPILL	1	0.0281	0.0080	0.0000
19	BUD	0	0.0280	0.0043	0.0000
19	BUD	0	0.0292	0.0043	0.0001
19	BUD	0	0.0262	0.0046	0.0001
19	BUD	0	0.0420	0.0043	0.0001
19	BUD	0	0.0269	0.0046	0.0000
19	VRAK	0	0.0296	0.0045	0.0000
19	VELG	0	0.0284	0.0039	0.0001
19	SPILL	6	0.0651	0.0043	0.0301
19	SPILL	1	0.0382	0.0049	0.0001
19	SPILL	1	0.0280	0.0109	0.0000
19	SPILL	2	0.0408	0.0045	0.0077
19	SPILL	11	0.0500	0.0047	0.0176
19	SPILL	1	0.0284	0.0049	0.0000
19	SPILL	5	0.1293	0.0054	0.0897
19	SPILL	11	0.0898	0.0128	0.0579
19	SPILL	10	0.0739	0.0054	0.0425
19	SPILL	3	0.0391	0.0055	0.0092
19	SPILL	2	0.0724	0.0055	0.0386
19	SPILL	4	0.0402	0.0051	0.0125
19	SPILL	9	0.0386	0.0129	0.0128
19	SPILL	2	0.0462	0.0053	0.0065
19	SPILL	3	0.0383	0.0052	0.0084
19	SPILL	5	0.0536	0.0061	0.0215
19	SPILL	8	0.1177	0.0081	0.0173
19	SPILL	4	0.0610	0.0067	0.0125
19	SPILL	1	0.0391	0.0063	0.0001
19	SPILL	1	0.0336	0.0065	0.0000
19	SPILL	7	0.0814	0.0065	0.0396
19	SPILL	7	0.0661	0.0068	0.0306
19	SPILL	2	0.0697	0.0064	0.0354
19	SPILL	7	0.0629	0.0069	0.0339
19	SPILL	6	0.0703	0.0065	0.0333
19	SPILL	6	0.0564	0.0063	0.0246
19	SPILL	1	0.0307	0.0066	0.0001
19	SPILL	6	0.0605	0.0072	0.0244
19	SPILL	5	0.0448	0.0081	0.0072
19	SPILL	5	0.0595	0.0075	0.0185
19	SPILL	5	0.1198	0.0074	0.0794
19	SPILL	1	0.0306	0.0068	0.0001
19	SPILL	4	0.0410	0.0082	0.0066
19	SPILL	4	0.0633	0.0103	0.0314
19	SPILL	4	0.1327	0.0098	0.0870
19	SPILL	4	0.0620	0.0108	0.0242
19	SPILL	3	0.0469	0.0098	0.0077
19	SPILL	3	0.0560	0.0105	0.0168
19	SPILL	3	0.1054	0.0096	0.0597
19	SPILL	3	0.0520	0.0107	0.0163
19	SPILL	2	0.0433	0.0099	0.0055
19	SPILL	1	0.0300	0.0072	0.0001
19	SPILL	2	0.0405	0.0071	0.0069
19	SPILL	1	0.0379	0.0075	0.0001
19	SPILL	1	0.0325	0.0077	0.0001
19	SPILL	1	0.0300	0.0075	0.0000
19	SPILL	1	0.0294	0.0076	0.0001
19	SPILL	1	0.0291	0.0072	0.0001
19	BUD	0	0.0274	0.0044	0.0000
19	BUD	0	0.0334	0.0055	0.0000
19	BUD	0	0.0286	0.0042	0.0001
19	BUD	0	0.0250	0.0043	0.0001
19	VRAK	0	0.0273	0.0046	0.0000
19	VELG	0	0.0265	0.0039	0.0001
19	SPILL	5	0.0578	0.0042	0.0270
19	SPILL	2	0.0385	0.0042	0.0074
19	SPILL	3	0.0471	0.0046	0.0113
19	SPILL	1	0.0294	0.0046	0.0001
19	SPILL	11	0.0501	0.0048	0.0203
19	SPILL	4	0.1092	0.0050	0.0705
19	SPILL	1	0.0293	0.0059	0.0000
19	SPILL	2	0.0376	0.0068	0.0079
19	SPILL	10	0.0686	0.0053	0.0357
19	SPILL	10	0.0828	0.0072	0.0486
19	SPILL	1	0.0345	0.0063	0.0001
19	SPILL	1	0.0351	0.0064	0.0001
19	SPILL	9	0.0700	0.0060	0.0310
19	SPILL	2	0.0398	0.0064	0.0069
19	SPILL	3	0.0928	0.0062	0.0568
19	SPILL	3	0.0407	0.0062	0.0091
19	SPILL	8	0.0705	0.0083	0.0120
19	SPILL	1	0.0378	0.0070	0.0001
19	SPILL	4	0.0545	0.0083	0.0161
19	SPILL	1	0.0312	0.0058	0.0001
19	SPILL	7	0.0718	0.0068	0.0268
19	SPILL	1	0.0310	0.0063	0.0001
19	SPILL	2	0.0762	0.0159	0.0374
19	SPILL	2	0.0398	0.0063	0.0081
19	SPILL	6	0.0380	0.0063	0.0085
19	SPILL	6	0.1467	0.0067	0.1067
19	SPILL	2	0.0504	0.0066	0.0084
19	SPILL	6	0.0483	0.0067	0.0144
19	SPILL	5	0.0505	0.0065	0.0186
19	SPILL	5	0.0523	0.0073	0.0190
19	SPILL	1	0.0319	0.0070	0.0001
19	SPILL	1	0.0330	0.0068	0.0000
19	SPILL	4	0.0544	0.0072	0.0172
19	SPILL	4	0.0480	0.0071	0.0142
19	SPILL	4	0.0481	0.0158	0.0146
19	SPILL	4	0.1115	0.0073	0.0723
19	SPILL	3	0.0471	0.0166	0.0145
19	SPILL	3	0.0444	0.0076	0.0105
19	SPILL	3	0.0419	0.0069	0.0113
19	SPILL	3	0.0863	0.0106	0.0515
19	SPILL	2	0.0449	0.0085	0.0128
19	SPILL	1	0.0315	0.0071	0.0001
19	SPILL	2	0.0419	0.0071	0.0078
19	SPILL	1	0.0294	0.0076	0.0000
19	SPILL	1	0.0317	0.0078	0.0001
19	SPILL	1	0.0485	0.0105	0.0001
19	SPILL	1	0.0373	0.0087	0.0001
19	SPILL	1	0.0341	0.0085	0.0001

# ---- OPPSUMMERING (4916 beslutninger) ----
# hele vektoren : 0.0671 ms/beslutning
# bare MIKRO    : 0.0082 ms/beslutning
# konvensjonene : 0.0236 ms/beslutning
# resten        : 0.0353 ms/beslutning
# BUD    n=   416  0.0385 ms
# VRAK   n=    90  0.0385 ms
# VELG   n=    90  0.0350 ms
# SPILL  n=  4320  0.0711 ms
# En kamp til 30 har ~246 beslutninger, altså ~0.016 s trekkbygging per kamp.
